hamiltonian,s,t,step,file,maxlinkdim,energy,norm_loss_cumulative
XX,1,0.000,0,XX/XX_s+1_t00.000.h5,136,-30.199338666811,0.000e+00
XX,1,0.100,1,XX/XX_s+1_t00.100.h5,58,-30.199338601391,2.078e-08
XX,1,0.200,2,XX/XX_s+1_t00.200.h5,58,-30.199338568883,2.417e-08
XX,1,0.300,3,XX/XX_s+1_t00.300.h5,58,-30.199338564535,2.744e-08
XX,1,0.400,4,XX/XX_s+1_t00.400.h5,59,-30.199338561358,3.158e-08
XX,1,0.500,5,XX/XX_s+1_t00.500.h5,59,-30.199338560925,3.559e-08
XX,1,0.600,6,XX/XX_s+1_t00.600.h5,59,-30.199338562421,3.971e-08
XX,1,0.700,7,XX/XX_s+1_t00.700.h5,60,-30.199338567017,4.393e-08
XX,1,0.800,8,XX/XX_s+1_t00.800.h5,61,-30.199338572046,4.867e-08
XX,1,0.900,9,XX/XX_s+1_t00.900.h5,62,-30.199338575220,5.458e-08
XX,1,1.000,10,XX/XX_s+1_t01.000.h5,64,-30.199338579253,6.135e-08
XX,1,1.100,11,XX/XX_s+1_t01.100.h5,65,-30.199338585148,6.849e-08
XX,1,1.200,12,XX/XX_s+1_t01.200.h5,66,-30.199338589933,7.660e-08
XX,1,1.300,13,XX/XX_s+1_t01.300.h5,69,-30.199338597038,8.495e-08
XX,1,1.400,14,XX/XX_s+1_t01.400.h5,70,-30.199338605523,9.336e-08
XX,1,1.500,15,XX/XX_s+1_t01.500.h5,73,-30.199338614606,1.023e-07
XX,1,1.600,16,XX/XX_s+1_t01.600.h5,76,-30.199338623945,1.117e-07
XX,1,1.700,17,XX/XX_s+1_t01.700.h5,77,-30.199338633488,1.214e-07
XX,1,1.800,18,XX/XX_s+1_t01.800.h5,80,-30.199338643512,1.315e-07
XX,1,1.900,19,XX/XX_s+1_t01.900.h5,82,-30.199338653659,1.422e-07
XX,1,2.000,20,XX/XX_s+1_t02.000.h5,84,-30.199338663974,1.531e-07
XX,1,2.100,21,XX/XX_s+1_t02.100.h5,86,-30.199338674687,1.644e-07
XX,1,2.200,22,XX/XX_s+1_t02.200.h5,88,-30.199338685704,1.759e-07
XX,1,2.300,23,XX/XX_s+1_t02.300.h5,90,-30.199338697609,1.879e-07
XX,1,2.400,24,XX/XX_s+1_t02.400.h5,92,-30.199338709966,2.002e-07
XX,1,2.500,25,XX/XX_s+1_t02.500.h5,95,-30.199338722907,2.130e-07
XX,1,2.600,26,XX/XX_s+1_t02.600.h5,97,-30.199338736031,2.262e-07
XX,1,2.700,27,XX/XX_s+1_t02.700.h5,99,-30.199338749459,2.397e-07
XX,1,2.800,28,XX/XX_s+1_t02.800.h5,102,-30.199338763533,2.536e-07
XX,1,2.900,29,XX/XX_s+1_t02.900.h5,104,-30.199338777981,2.676e-07
XX,1,3.000,30,XX/XX_s+1_t03.000.h5,105,-30.199338793033,2.822e-07
XX,1,3.100,31,XX/XX_s+1_t03.100.h5,106,-30.199338808527,2.971e-07
XX,1,3.200,32,XX/XX_s+1_t03.200.h5,108,-30.199338824897,3.125e-07
XX,1,3.300,33,XX/XX_s+1_t03.300.h5,110,-30.199338842439,3.281e-07
XX,1,3.400,34,XX/XX_s+1_t03.400.h5,112,-30.199338860889,3.441e-07
XX,1,3.500,35,XX/XX_s+1_t03.500.h5,113,-30.199338880602,3.607e-07
XX,1,3.600,36,XX/XX_s+1_t03.600.h5,115,-30.199338901129,3.773e-07
XX,1,3.700,37,XX/XX_s+1_t03.700.h5,116,-30.199338922567,3.944e-07
XX,1,3.800,38,XX/XX_s+1_t03.800.h5,118,-30.199338944497,4.118e-07
XX,1,3.900,39,XX/XX_s+1_t03.900.h5,119,-30.199338966751,4.295e-07
XX,1,4.000,40,XX/XX_s+1_t04.000.h5,121,-30.199338989575,4.476e-07
XX,1,4.100,41,XX/XX_s+1_t04.100.h5,123,-30.199339012739,4.659e-07
XX,1,4.200,42,XX/XX_s+1_t04.200.h5,125,-30.199339036461,4.847e-07
XX,1,4.300,43,XX/XX_s+1_t04.300.h5,127,-30.199339060683,5.036e-07
XX,1,4.400,44,XX/XX_s+1_t04.400.h5,130,-30.199339085757,5.230e-07
XX,1,4.500,45,XX/XX_s+1_t04.500.h5,132,-30.199339112174,5.427e-07
XX,1,4.600,46,XX/XX_s+1_t04.600.h5,134,-30.199339139717,5.629e-07
XX,1,4.700,47,XX/XX_s+1_t04.700.h5,136,-30.199339168350,5.834e-07
XX,1,4.800,48,XX/XX_s+1_t04.800.h5,137,-30.199339197770,6.043e-07
XX,1,4.900,49,XX/XX_s+1_t04.900.h5,139,-30.199339227841,6.255e-07
XX,1,5.000,50,XX/XX_s+1_t05.000.h5,141,-30.199339258706,6.471e-07
XX,1,5.100,51,XX/XX_s+1_t05.100.h5,142,-30.199339290628,6.691e-07
XX,1,5.200,52,XX/XX_s+1_t05.200.h5,143,-30.199339323425,6.914e-07
XX,1,5.300,53,XX/XX_s+1_t05.300.h5,145,-30.199339357318,7.142e-07
XX,1,5.400,54,XX/XX_s+1_t05.400.h5,146,-30.199339392438,7.374e-07
XX,1,5.500,55,XX/XX_s+1_t05.500.h5,147,-30.199339428349,7.606e-07
XX,1,5.600,56,XX/XX_s+1_t05.600.h5,148,-30.199339464997,7.840e-07
XX,1,5.700,57,XX/XX_s+1_t05.700.h5,149,-30.199339503119,8.078e-07
XX,1,5.800,58,XX/XX_s+1_t05.800.h5,150,-30.199339542970,8.319e-07
XX,1,5.900,59,XX/XX_s+1_t05.900.h5,151,-30.199339584302,8.563e-07
XX,1,6.000,60,XX/XX_s+1_t06.000.h5,152,-30.199339626467,8.811e-07
XX,1,6.100,61,XX/XX_s+1_t06.100.h5,153,-30.199339669053,9.061e-07
XX,1,6.200,62,XX/XX_s+1_t06.200.h5,154,-30.199339711971,9.312e-07
XX,1,6.300,63,XX/XX_s+1_t06.300.h5,154,-30.199339755884,9.566e-07
XX,1,6.400,64,XX/XX_s+1_t06.400.h5,156,-30.199339800500,9.823e-07
XX,1,6.500,65,XX/XX_s+1_t06.500.h5,157,-30.199339845996,1.008e-06
XX,1,6.600,66,XX/XX_s+1_t06.600.h5,158,-30.199339892749,1.034e-06
XX,1,6.700,67,XX/XX_s+1_t06.700.h5,159,-30.199339940797,1.061e-06
XX,1,6.800,68,XX/XX_s+1_t06.800.h5,159,-30.199339989949,1.089e-06
XX,1,6.900,69,XX/XX_s+1_t06.900.h5,160,-30.199340040253,1.116e-06
XX,1,7.000,70,XX/XX_s+1_t07.000.h5,160,-30.199340092078,1.145e-06
XX,1,7.100,71,XX/XX_s+1_t07.100.h5,161,-30.199340144583,1.173e-06
XX,1,7.200,72,XX/XX_s+1_t07.200.h5,162,-30.199340198518,1.202e-06
XX,1,7.300,73,XX/XX_s+1_t07.300.h5,163,-30.199340253328,1.231e-06
XX,1,7.400,74,XX/XX_s+1_t07.400.h5,164,-30.199340309444,1.261e-06
XX,1,7.500,75,XX/XX_s+1_t07.500.h5,165,-30.199340366647,1.291e-06
XX,1,7.600,76,XX/XX_s+1_t07.600.h5,165,-30.199340425194,1.322e-06
XX,1,7.700,77,XX/XX_s+1_t07.700.h5,165,-30.199340484531,1.353e-06
XX,1,7.800,78,XX/XX_s+1_t07.800.h5,165,-30.199340544869,1.384e-06
XX,1,7.900,79,XX/XX_s+1_t07.900.h5,166,-30.199340606344,1.415e-06
XX,1,8.000,80,XX/XX_s+1_t08.000.h5,166,-30.199340669010,1.447e-06
XX,1,8.100,81,XX/XX_s+1_t08.100.h5,167,-30.199340733133,1.479e-06
XX,1,8.200,82,XX/XX_s+1_t08.200.h5,167,-30.199340798853,1.512e-06
XX,1,8.300,83,XX/XX_s+1_t08.300.h5,167,-30.199340865501,1.545e-06
XX,1,8.400,84,XX/XX_s+1_t08.400.h5,168,-30.199340933158,1.579e-06
XX,1,8.500,85,XX/XX_s+1_t08.500.h5,168,-30.199341001300,1.613e-06
XX,1,8.600,86,XX/XX_s+1_t08.600.h5,169,-30.199341070733,1.647e-06
XX,1,8.700,87,XX/XX_s+1_t08.700.h5,169,-30.199341141314,1.681e-06
XX,1,8.800,88,XX/XX_s+1_t08.800.h5,169,-30.199341213313,1.716e-06
XX,1,8.900,89,XX/XX_s+1_t08.900.h5,169,-30.199341286855,1.750e-06
XX,1,9.000,90,XX/XX_s+1_t09.000.h5,169,-30.199341361212,1.786e-06
XX,1,9.100,91,XX/XX_s+1_t09.100.h5,169,-30.199341436317,1.820e-06
XX,1,9.200,92,XX/XX_s+1_t09.200.h5,170,-30.199341512897,1.856e-06
XX,1,9.300,93,XX/XX_s+1_t09.300.h5,171,-30.199341589902,1.891e-06
XX,1,9.400,94,XX/XX_s+1_t09.400.h5,171,-30.199341667894,1.927e-06
XX,1,9.500,95,XX/XX_s+1_t09.500.h5,172,-30.199341746786,1.962e-06
XX,1,9.600,96,XX/XX_s+1_t09.600.h5,172,-30.199341826705,1.998e-06
XX,1,9.700,97,XX/XX_s+1_t09.700.h5,172,-30.199341907677,2.034e-06
XX,1,9.800,98,XX/XX_s+1_t09.800.h5,172,-30.199341989881,2.070e-06
XX,1,9.900,99,XX/XX_s+1_t09.900.h5,172,-30.199342073347,2.106e-06
XX,1,10.000,100,XX/XX_s+1_t10.000.h5,172,-30.199342157979,2.143e-06
XX,1,10.100,101,XX/XX_s+1_t10.100.h5,172,-30.199342243612,2.179e-06
XX,1,10.200,102,XX/XX_s+1_t10.200.h5,172,-30.199342330099,2.215e-06
XX,1,10.300,103,XX/XX_s+1_t10.300.h5,172,-30.199342417990,2.251e-06
XX,1,10.400,104,XX/XX_s+1_t10.400.h5,172,-30.199342507226,2.288e-06
XX,1,10.500,105,XX/XX_s+1_t10.500.h5,172,-30.199342596942,2.324e-06
XX,1,10.600,106,XX/XX_s+1_t10.600.h5,172,-30.199342687729,2.360e-06
XX,1,10.700,107,XX/XX_s+1_t10.700.h5,172,-30.199342779396,2.397e-06
XX,1,10.800,108,XX/XX_s+1_t10.800.h5,172,-30.199342871339,2.433e-06
XX,1,10.900,109,XX/XX_s+1_t10.900.h5,172,-30.199342964078,2.470e-06
XX,1,11.000,110,XX/XX_s+1_t11.000.h5,172,-30.199343056972,2.506e-06
XX,1,11.100,111,XX/XX_s+1_t11.100.h5,172,-30.199343151498,2.543e-06
XX,1,11.200,112,XX/XX_s+1_t11.200.h5,172,-30.199343246605,2.579e-06
XX,1,11.300,113,XX/XX_s+1_t11.300.h5,172,-30.199343341882,2.616e-06
XX,1,11.400,114,XX/XX_s+1_t11.400.h5,172,-30.199343437970,2.652e-06
XX,1,11.500,115,XX/XX_s+1_t11.500.h5,172,-30.199343535045,2.689e-06
XX,1,11.600,116,XX/XX_s+1_t11.600.h5,172,-30.199343633565,2.726e-06
XX,1,11.700,117,XX/XX_s+1_t11.700.h5,172,-30.199343733429,2.763e-06
XX,1,11.800,118,XX/XX_s+1_t11.800.h5,172,-30.199343833408,2.801e-06
XX,1,11.900,119,XX/XX_s+1_t11.900.h5,172,-30.199343933115,2.838e-06
XX,1,12.000,120,XX/XX_s+1_t12.000.h5,172,-30.199344033197,2.875e-06
XX,1,12.100,121,XX/XX_s+1_t12.100.h5,172,-30.199344134739,2.912e-06
XX,1,12.200,122,XX/XX_s+1_t12.200.h5,172,-30.199344237239,2.949e-06
XX,1,12.300,123,XX/XX_s+1_t12.300.h5,172,-30.199344340057,2.987e-06
XX,1,12.400,124,XX/XX_s+1_t12.400.h5,172,-30.199344443568,3.024e-06
XX,1,12.500,125,XX/XX_s+1_t12.500.h5,172,-30.199344546420,3.061e-06
XX,1,12.600,126,XX/XX_s+1_t12.600.h5,172,-30.199344649114,3.098e-06
XX,1,12.700,127,XX/XX_s+1_t12.700.h5,172,-30.199344752610,3.135e-06
XX,1,12.800,128,XX/XX_s+1_t12.800.h5,172,-30.199344856478,3.172e-06
XX,1,12.900,129,XX/XX_s+1_t12.900.h5,172,-30.199344961042,3.209e-06
XX,1,13.000,130,XX/XX_s+1_t13.000.h5,172,-30.199345065859,3.246e-06
XX,-1,0.000,0,XX/XX_s-1_t00.000.h5,136,-30.199338666811,0.000e+00
XX,-1,0.100,1,XX/XX_s-1_t00.100.h5,58,-30.199338601391,2.078e-08
XX,-1,0.200,2,XX/XX_s-1_t00.200.h5,58,-30.199338568883,2.417e-08
XX,-1,0.300,3,XX/XX_s-1_t00.300.h5,58,-30.199338564535,2.744e-08
XX,-1,0.400,4,XX/XX_s-1_t00.400.h5,59,-30.199338561358,3.158e-08
XX,-1,0.500,5,XX/XX_s-1_t00.500.h5,59,-30.199338560926,3.559e-08
XX,-1,0.600,6,XX/XX_s-1_t00.600.h5,59,-30.199338562422,3.971e-08
XX,-1,0.700,7,XX/XX_s-1_t00.700.h5,60,-30.199338567018,4.393e-08
XX,-1,0.800,8,XX/XX_s-1_t00.800.h5,61,-30.199338572047,4.867e-08
XX,-1,0.900,9,XX/XX_s-1_t00.900.h5,62,-30.199338575221,5.458e-08
XX,-1,1.000,10,XX/XX_s-1_t01.000.h5,64,-30.199338579253,6.135e-08
XX,-1,1.100,11,XX/XX_s-1_t01.100.h5,65,-30.199338585149,6.849e-08
XX,-1,1.200,12,XX/XX_s-1_t01.200.h5,66,-30.199338589934,7.660e-08
XX,-1,1.300,13,XX/XX_s-1_t01.300.h5,69,-30.199338597038,8.495e-08
XX,-1,1.400,14,XX/XX_s-1_t01.400.h5,70,-30.199338605523,9.336e-08
XX,-1,1.500,15,XX/XX_s-1_t01.500.h5,73,-30.199338614607,1.023e-07
XX,-1,1.600,16,XX/XX_s-1_t01.600.h5,76,-30.199338623946,1.117e-07
XX,-1,1.700,17,XX/XX_s-1_t01.700.h5,77,-30.199338633489,1.214e-07
XX,-1,1.800,18,XX/XX_s-1_t01.800.h5,80,-30.199338643513,1.315e-07
XX,-1,1.900,19,XX/XX_s-1_t01.900.h5,82,-30.199338653660,1.422e-07
XX,-1,2.000,20,XX/XX_s-1_t02.000.h5,84,-30.199338663975,1.531e-07
XX,-1,2.100,21,XX/XX_s-1_t02.100.h5,86,-30.199338674687,1.644e-07
XX,-1,2.200,22,XX/XX_s-1_t02.200.h5,88,-30.199338685704,1.759e-07
XX,-1,2.300,23,XX/XX_s-1_t02.300.h5,90,-30.199338697610,1.879e-07
XX,-1,2.400,24,XX/XX_s-1_t02.400.h5,92,-30.199338709967,2.002e-07
XX,-1,2.500,25,XX/XX_s-1_t02.500.h5,95,-30.199338722908,2.130e-07
XX,-1,2.600,26,XX/XX_s-1_t02.600.h5,97,-30.199338736031,2.262e-07
XX,-1,2.700,27,XX/XX_s-1_t02.700.h5,99,-30.199338749460,2.397e-07
XX,-1,2.800,28,XX/XX_s-1_t02.800.h5,102,-30.199338763534,2.536e-07
XX,-1,2.900,29,XX/XX_s-1_t02.900.h5,104,-30.199338777982,2.676e-07
XX,-1,3.000,30,XX/XX_s-1_t03.000.h5,105,-30.199338793034,2.822e-07
XX,-1,3.100,31,XX/XX_s-1_t03.100.h5,106,-30.199338808527,2.971e-07
XX,-1,3.200,32,XX/XX_s-1_t03.200.h5,108,-30.199338824898,3.125e-07
XX,-1,3.300,33,XX/XX_s-1_t03.300.h5,110,-30.199338842440,3.281e-07
XX,-1,3.400,34,XX/XX_s-1_t03.400.h5,112,-30.199338860890,3.441e-07
XX,-1,3.500,35,XX/XX_s-1_t03.500.h5,113,-30.199338880603,3.607e-07
XX,-1,3.600,36,XX/XX_s-1_t03.600.h5,115,-30.199338901130,3.773e-07
XX,-1,3.700,37,XX/XX_s-1_t03.700.h5,116,-30.199338922568,3.944e-07
XX,-1,3.800,38,XX/XX_s-1_t03.800.h5,118,-30.199338944498,4.118e-07
XX,-1,3.900,39,XX/XX_s-1_t03.900.h5,119,-30.199338966752,4.295e-07
XX,-1,4.000,40,XX/XX_s-1_t04.000.h5,121,-30.199338989576,4.476e-07
XX,-1,4.100,41,XX/XX_s-1_t04.100.h5,123,-30.199339012740,4.659e-07
XX,-1,4.200,42,XX/XX_s-1_t04.200.h5,125,-30.199339036462,4.847e-07
XX,-1,4.300,43,XX/XX_s-1_t04.300.h5,127,-30.199339060684,5.036e-07
XX,-1,4.400,44,XX/XX_s-1_t04.400.h5,130,-30.199339085757,5.230e-07
XX,-1,4.500,45,XX/XX_s-1_t04.500.h5,132,-30.199339112174,5.427e-07
XX,-1,4.600,46,XX/XX_s-1_t04.600.h5,134,-30.199339139718,5.629e-07
XX,-1,4.700,47,XX/XX_s-1_t04.700.h5,136,-30.199339168350,5.834e-07
XX,-1,4.800,48,XX/XX_s-1_t04.800.h5,137,-30.199339197770,6.043e-07
XX,-1,4.900,49,XX/XX_s-1_t04.900.h5,139,-30.199339227842,6.255e-07
XX,-1,5.000,50,XX/XX_s-1_t05.000.h5,141,-30.199339258707,6.471e-07
XX,-1,5.100,51,XX/XX_s-1_t05.100.h5,142,-30.199339290629,6.691e-07
XX,-1,5.200,52,XX/XX_s-1_t05.200.h5,143,-30.199339323426,6.914e-07
XX,-1,5.300,53,XX/XX_s-1_t05.300.h5,145,-30.199339357319,7.142e-07
XX,-1,5.400,54,XX/XX_s-1_t05.400.h5,146,-30.199339392438,7.374e-07
XX,-1,5.500,55,XX/XX_s-1_t05.500.h5,147,-30.199339428349,7.606e-07
XX,-1,5.600,56,XX/XX_s-1_t05.600.h5,148,-30.199339464997,7.840e-07
XX,-1,5.700,57,XX/XX_s-1_t05.700.h5,149,-30.199339503120,8.078e-07
XX,-1,5.800,58,XX/XX_s-1_t05.800.h5,150,-30.199339542970,8.319e-07
XX,-1,5.900,59,XX/XX_s-1_t05.900.h5,151,-30.199339584303,8.563e-07
XX,-1,6.000,60,XX/XX_s-1_t06.000.h5,152,-30.199339626467,8.811e-07
XX,-1,6.100,61,XX/XX_s-1_t06.100.h5,153,-30.199339669053,9.061e-07
XX,-1,6.200,62,XX/XX_s-1_t06.200.h5,154,-30.199339711972,9.312e-07
XX,-1,6.300,63,XX/XX_s-1_t06.300.h5,154,-30.199339755885,9.566e-07
XX,-1,6.400,64,XX/XX_s-1_t06.400.h5,156,-30.199339800500,9.823e-07
XX,-1,6.500,65,XX/XX_s-1_t06.500.h5,157,-30.199339845996,1.008e-06
XX,-1,6.600,66,XX/XX_s-1_t06.600.h5,158,-30.199339892750,1.034e-06
XX,-1,6.700,67,XX/XX_s-1_t06.700.h5,159,-30.199339940798,1.061e-06
XX,-1,6.800,68,XX/XX_s-1_t06.800.h5,159,-30.199339989949,1.089e-06
XX,-1,6.900,69,XX/XX_s-1_t06.900.h5,160,-30.199340040254,1.116e-06
XX,-1,7.000,70,XX/XX_s-1_t07.000.h5,160,-30.199340092079,1.145e-06
XX,-1,7.100,71,XX/XX_s-1_t07.100.h5,161,-30.199340144583,1.173e-06
XX,-1,7.200,72,XX/XX_s-1_t07.200.h5,162,-30.199340198518,1.202e-06
XX,-1,7.300,73,XX/XX_s-1_t07.300.h5,163,-30.199340253328,1.231e-06
XX,-1,7.400,74,XX/XX_s-1_t07.400.h5,164,-30.199340309444,1.261e-06
XX,-1,7.500,75,XX/XX_s-1_t07.500.h5,165,-30.199340366647,1.291e-06
XX,-1,7.600,76,XX/XX_s-1_t07.600.h5,165,-30.199340425194,1.322e-06
XX,-1,7.700,77,XX/XX_s-1_t07.700.h5,165,-30.199340484532,1.353e-06
XX,-1,7.800,78,XX/XX_s-1_t07.800.h5,165,-30.199340544870,1.384e-06
XX,-1,7.900,79,XX/XX_s-1_t07.900.h5,166,-30.199340606345,1.415e-06
XX,-1,8.000,80,XX/XX_s-1_t08.000.h5,166,-30.199340669010,1.447e-06
XX,-1,8.100,81,XX/XX_s-1_t08.100.h5,167,-30.199340733134,1.479e-06
XX,-1,8.200,82,XX/XX_s-1_t08.200.h5,167,-30.199340798854,1.512e-06
XX,-1,8.300,83,XX/XX_s-1_t08.300.h5,167,-30.199340865502,1.545e-06
XX,-1,8.400,84,XX/XX_s-1_t08.400.h5,168,-30.199340933158,1.579e-06
XX,-1,8.500,85,XX/XX_s-1_t08.500.h5,168,-30.199341001300,1.613e-06
XX,-1,8.600,86,XX/XX_s-1_t08.600.h5,169,-30.199341070734,1.647e-06
XX,-1,8.700,87,XX/XX_s-1_t08.700.h5,169,-30.199341141315,1.681e-06
XX,-1,8.800,88,XX/XX_s-1_t08.800.h5,169,-30.199341213313,1.716e-06
XX,-1,8.900,89,XX/XX_s-1_t08.900.h5,169,-30.199341286855,1.750e-06
XX,-1,9.000,90,XX/XX_s-1_t09.000.h5,169,-30.199341361212,1.786e-06
XX,-1,9.100,91,XX/XX_s-1_t09.100.h5,169,-30.199341436318,1.820e-06
XX,-1,9.200,92,XX/XX_s-1_t09.200.h5,170,-30.199341512898,1.856e-06
XX,-1,9.300,93,XX/XX_s-1_t09.300.h5,171,-30.199341589903,1.891e-06
XX,-1,9.400,94,XX/XX_s-1_t09.400.h5,171,-30.199341667895,1.927e-06
XX,-1,9.500,95,XX/XX_s-1_t09.500.h5,172,-30.199341746787,1.962e-06
XX,-1,9.600,96,XX/XX_s-1_t09.600.h5,172,-30.199341826706,1.998e-06
XX,-1,9.700,97,XX/XX_s-1_t09.700.h5,172,-30.199341907678,2.034e-06
XX,-1,9.800,98,XX/XX_s-1_t09.800.h5,172,-30.199341989882,2.070e-06
XX,-1,9.900,99,XX/XX_s-1_t09.900.h5,172,-30.199342073348,2.106e-06
XX,-1,10.000,100,XX/XX_s-1_t10.000.h5,172,-30.199342157980,2.143e-06
XX,-1,10.100,101,XX/XX_s-1_t10.100.h5,172,-30.199342243613,2.179e-06
XX,-1,10.200,102,XX/XX_s-1_t10.200.h5,172,-30.199342330101,2.215e-06
XX,-1,10.300,103,XX/XX_s-1_t10.300.h5,172,-30.199342417991,2.251e-06
XX,-1,10.400,104,XX/XX_s-1_t10.400.h5,172,-30.199342507227,2.288e-06
XX,-1,10.500,105,XX/XX_s-1_t10.500.h5,172,-30.199342596943,2.324e-06
XX,-1,10.600,106,XX/XX_s-1_t10.600.h5,172,-30.199342687730,2.360e-06
XX,-1,10.700,107,XX/XX_s-1_t10.700.h5,172,-30.199342779397,2.397e-06
XX,-1,10.800,108,XX/XX_s-1_t10.800.h5,172,-30.199342871341,2.433e-06
XX,-1,10.900,109,XX/XX_s-1_t10.900.h5,172,-30.199342964079,2.470e-06
XX,-1,11.000,110,XX/XX_s-1_t11.000.h5,172,-30.199343056974,2.506e-06
XX,-1,11.100,111,XX/XX_s-1_t11.100.h5,172,-30.199343151499,2.543e-06
XX,-1,11.200,112,XX/XX_s-1_t11.200.h5,172,-30.199343246607,2.579e-06
XX,-1,11.300,113,XX/XX_s-1_t11.300.h5,172,-30.199343341883,2.616e-06
XX,-1,11.400,114,XX/XX_s-1_t11.400.h5,172,-30.199343437971,2.652e-06
XX,-1,11.500,115,XX/XX_s-1_t11.500.h5,172,-30.199343535046,2.689e-06
XX,-1,11.600,116,XX/XX_s-1_t11.600.h5,172,-30.199343633567,2.726e-06
XX,-1,11.700,117,XX/XX_s-1_t11.700.h5,172,-30.199343733430,2.763e-06
XX,-1,11.800,118,XX/XX_s-1_t11.800.h5,172,-30.199343833409,2.801e-06
XX,-1,11.900,119,XX/XX_s-1_t11.900.h5,172,-30.199343933116,2.838e-06
XX,-1,12.000,120,XX/XX_s-1_t12.000.h5,172,-30.199344033198,2.875e-06
XX,-1,12.100,121,XX/XX_s-1_t12.100.h5,172,-30.199344134740,2.912e-06
XX,-1,12.200,122,XX/XX_s-1_t12.200.h5,172,-30.199344237240,2.949e-06
XX,-1,12.300,123,XX/XX_s-1_t12.300.h5,172,-30.199344340058,2.987e-06
XX,-1,12.400,124,XX/XX_s-1_t12.400.h5,172,-30.199344443569,3.024e-06
XX,-1,12.500,125,XX/XX_s-1_t12.500.h5,172,-30.199344546421,3.061e-06
XX,-1,12.600,126,XX/XX_s-1_t12.600.h5,172,-30.199344649115,3.098e-06
XX,-1,12.700,127,XX/XX_s-1_t12.700.h5,172,-30.199344752611,3.135e-06
XX,-1,12.800,128,XX/XX_s-1_t12.800.h5,172,-30.199344856479,3.172e-06
XX,-1,12.900,129,XX/XX_s-1_t12.900.h5,172,-30.199344961043,3.209e-06
XX,-1,13.000,130,XX/XX_s-1_t13.000.h5,172,-30.199345065860,3.246e-06
XXX,1,0.000,0,XXX/XXX_s+1_t00.000.h5,134,-42.762362466966,0.000e+00
XXX,1,0.100,1,XXX/XXX_s+1_t00.100.h5,58,-42.762362369986,2.046e-08
XXX,1,0.200,2,XXX/XXX_s+1_t00.200.h5,58,-42.762362359619,2.642e-08
XXX,1,0.300,3,XXX/XXX_s+1_t00.300.h5,58,-42.762362352499,3.274e-08
XXX,1,0.400,4,XXX/XXX_s+1_t00.400.h5,58,-42.762362353032,3.919e-08
XXX,1,0.500,5,XXX/XXX_s+1_t00.500.h5,59,-42.762362354115,4.684e-08
XXX,1,0.600,6,XXX/XXX_s+1_t00.600.h5,60,-42.762362359287,5.484e-08
XXX,1,0.700,7,XXX/XXX_s+1_t00.700.h5,63,-42.762362359656,6.495e-08
XXX,1,0.800,8,XXX/XXX_s+1_t00.800.h5,66,-42.762362363794,7.569e-08
XXX,1,0.900,9,XXX/XXX_s+1_t00.900.h5,68,-42.762362370816,8.698e-08
XXX,1,1.000,10,XXX/XXX_s+1_t01.000.h5,72,-42.762362380506,9.854e-08
XXX,1,1.100,11,XXX/XXX_s+1_t01.100.h5,75,-42.762362391958,1.108e-07
XXX,1,1.200,12,XXX/XXX_s+1_t01.200.h5,79,-42.762362405575,1.238e-07
XXX,1,1.300,13,XXX/XXX_s+1_t01.300.h5,83,-42.762362420332,1.373e-07
XXX,1,1.400,14,XXX/XXX_s+1_t01.400.h5,85,-42.762362436658,1.514e-07
XXX,1,1.500,15,XXX/XXX_s+1_t01.500.h5,88,-42.762362454765,1.663e-07
XXX,1,1.600,16,XXX/XXX_s+1_t01.600.h5,93,-42.762362474670,1.818e-07
XXX,1,1.700,17,XXX/XXX_s+1_t01.700.h5,97,-42.762362495902,1.980e-07
XXX,1,1.800,18,XXX/XXX_s+1_t01.800.h5,101,-42.762362518581,2.147e-07
XXX,1,1.900,19,XXX/XXX_s+1_t01.900.h5,106,-42.762362542737,2.318e-07
XXX,1,2.000,20,XXX/XXX_s+1_t02.000.h5,111,-42.762362569409,2.496e-07
XXX,1,2.100,21,XXX/XXX_s+1_t02.100.h5,118,-42.762362597829,2.678e-07
XXX,1,2.200,22,XXX/XXX_s+1_t02.200.h5,123,-42.762362628329,2.866e-07
XXX,1,2.300,23,XXX/XXX_s+1_t02.300.h5,127,-42.762362660708,3.059e-07
XXX,1,2.400,24,XXX/XXX_s+1_t02.400.h5,132,-42.762362695056,3.256e-07
XXX,1,2.500,25,XXX/XXX_s+1_t02.500.h5,138,-42.762362731041,3.458e-07
XXX,1,2.600,26,XXX/XXX_s+1_t02.600.h5,143,-42.762362768365,3.663e-07
XXX,1,2.700,27,XXX/XXX_s+1_t02.700.h5,148,-42.762362808181,3.873e-07
XXX,1,2.800,28,XXX/XXX_s+1_t02.800.h5,154,-42.762362851006,4.089e-07
XXX,1,2.900,29,XXX/XXX_s+1_t02.900.h5,160,-42.762362896047,4.310e-07
XXX,1,3.000,30,XXX/XXX_s+1_t03.000.h5,166,-42.762362943513,4.539e-07
XXX,1,3.100,31,XXX/XXX_s+1_t03.100.h5,172,-42.762362992631,4.771e-07
XXX,1,3.200,32,XXX/XXX_s+1_t03.200.h5,178,-42.762363043591,5.008e-07
XXX,1,3.300,33,XXX/XXX_s+1_t03.300.h5,184,-42.762363097177,5.251e-07
XXX,1,3.400,34,XXX/XXX_s+1_t03.400.h5,191,-42.762363153897,5.500e-07
XXX,1,3.500,35,XXX/XXX_s+1_t03.500.h5,197,-42.762363213068,5.755e-07
XXX,1,3.600,36,XXX/XXX_s+1_t03.600.h5,204,-42.762363274548,6.012e-07
XXX,1,3.700,37,XXX/XXX_s+1_t03.700.h5,210,-42.762363338487,6.276e-07
XXX,1,3.800,38,XXX/XXX_s+1_t03.800.h5,216,-42.762363404783,6.543e-07
XXX,1,3.900,39,XXX/XXX_s+1_t03.900.h5,222,-42.762363473669,6.815e-07
XXX,1,4.000,40,XXX/XXX_s+1_t04.000.h5,228,-42.762363545030,7.091e-07
XXX,1,4.100,41,XXX/XXX_s+1_t04.100.h5,234,-42.762363619599,7.374e-07
XXX,1,4.200,42,XXX/XXX_s+1_t04.200.h5,240,-42.762363696706,7.661e-07
XXX,1,4.300,43,XXX/XXX_s+1_t04.300.h5,246,-42.762363777067,7.955e-07
XXX,1,4.400,44,XXX/XXX_s+1_t04.400.h5,253,-42.762363859935,8.254e-07
XXX,1,4.500,45,XXX/XXX_s+1_t04.500.h5,259,-42.762363945415,8.559e-07
XXX,1,4.600,46,XXX/XXX_s+1_t04.600.h5,264,-42.762364033824,8.871e-07
XXX,1,4.700,47,XXX/XXX_s+1_t04.700.h5,270,-42.762364124965,9.187e-07
XXX,1,4.800,48,XXX/XXX_s+1_t04.800.h5,275,-42.762364219387,9.509e-07
XXX,1,4.900,49,XXX/XXX_s+1_t04.900.h5,280,-42.762364316611,9.835e-07
XXX,1,5.000,50,XXX/XXX_s+1_t05.000.h5,286,-42.762364416670,1.017e-06
XXX,1,5.100,51,XXX/XXX_s+1_t05.100.h5,292,-42.762364520231,1.050e-06
XXX,1,5.200,52,XXX/XXX_s+1_t05.200.h5,297,-42.762364627202,1.084e-06
XXX,1,5.300,53,XXX/XXX_s+1_t05.300.h5,302,-42.762364736504,1.118e-06
XXX,1,5.400,54,XXX/XXX_s+1_t05.400.h5,308,-42.762364849364,1.152e-06
XXX,1,5.500,55,XXX/XXX_s+1_t05.500.h5,312,-42.762364965351,1.187e-06
XXX,1,5.600,56,XXX/XXX_s+1_t05.600.h5,317,-42.762365084109,1.222e-06
XXX,1,5.700,57,XXX/XXX_s+1_t05.700.h5,322,-42.762365206641,1.257e-06
XXX,1,5.800,58,XXX/XXX_s+1_t05.800.h5,327,-42.762365332597,1.292e-06
XXX,1,5.900,59,XXX/XXX_s+1_t05.900.h5,331,-42.762365462554,1.329e-06
XXX,1,6.000,60,XXX/XXX_s+1_t06.000.h5,336,-42.762365595231,1.365e-06
XXX,1,6.100,61,XXX/XXX_s+1_t06.100.h5,340,-42.762365731039,1.402e-06
XXX,1,6.200,62,XXX/XXX_s+1_t06.200.h5,345,-42.762365870941,1.439e-06
XXX,1,6.300,63,XXX/XXX_s+1_t06.300.h5,349,-42.762366014978,1.476e-06
XXX,1,6.400,64,XXX/XXX_s+1_t06.400.h5,353,-42.762366161336,1.514e-06
XXX,1,6.500,65,XXX/XXX_s+1_t06.500.h5,358,-42.762366309658,1.552e-06
XXX,1,6.600,66,XXX/XXX_s+1_t06.600.h5,361,-42.762366461185,1.590e-06
XXX,1,6.700,67,XXX/XXX_s+1_t06.700.h5,366,-42.762366614988,1.628e-06
XXX,1,6.800,68,XXX/XXX_s+1_t06.800.h5,370,-42.762366771584,1.666e-06
XXX,1,6.900,69,XXX/XXX_s+1_t06.900.h5,374,-42.762366931954,1.704e-06
XXX,1,7.000,70,XXX/XXX_s+1_t07.000.h5,378,-42.762367094856,1.742e-06
XXX,1,7.100,71,XXX/XXX_s+1_t07.100.h5,382,-42.762367261083,1.779e-06
XXX,1,7.200,72,XXX/XXX_s+1_t07.200.h5,386,-42.762367430628,1.816e-06
XXX,1,7.300,73,XXX/XXX_s+1_t07.300.h5,389,-42.762367603633,1.854e-06
XXX,1,7.400,74,XXX/XXX_s+1_t07.400.h5,393,-42.762367779355,1.891e-06
XXX,1,7.500,75,XXX/XXX_s+1_t07.500.h5,396,-42.762367957643,1.928e-06
XXX,1,7.600,76,XXX/XXX_s+1_t07.600.h5,399,-42.762368138392,1.964e-06
XXX,1,7.700,77,XXX/XXX_s+1_t07.700.h5,402,-42.762368322144,2.001e-06
XXX,1,7.800,78,XXX/XXX_s+1_t07.800.h5,405,-42.762368508687,2.038e-06
XXX,1,7.900,79,XXX/XXX_s+1_t07.900.h5,407,-42.762368697391,2.076e-06
XXX,1,8.000,80,XXX/XXX_s+1_t08.000.h5,410,-42.762368888729,2.113e-06
XXX,1,8.100,81,XXX/XXX_s+1_t08.100.h5,413,-42.762369081622,2.150e-06
XXX,1,8.200,82,XXX/XXX_s+1_t08.200.h5,415,-42.762369277316,2.187e-06
XXX,1,8.300,83,XXX/XXX_s+1_t08.300.h5,417,-42.762369475653,2.224e-06
XXX,1,8.400,84,XXX/XXX_s+1_t08.400.h5,420,-42.762369676029,2.261e-06
XXX,1,8.500,85,XXX/XXX_s+1_t08.500.h5,422,-42.762369878100,2.299e-06
XXX,1,8.600,86,XXX/XXX_s+1_t08.600.h5,425,-42.762370080973,2.336e-06
XXX,1,8.700,87,XXX/XXX_s+1_t08.700.h5,427,-42.762370284772,2.373e-06
XXX,1,8.800,88,XXX/XXX_s+1_t08.800.h5,429,-42.762370489675,2.410e-06
XXX,1,8.900,89,XXX/XXX_s+1_t08.900.h5,430,-42.762370695686,2.448e-06
XXX,1,9.000,90,XXX/XXX_s+1_t09.000.h5,432,-42.762370901840,2.485e-06
XXX,1,9.100,91,XXX/XXX_s+1_t09.100.h5,434,-42.762371108687,2.522e-06
XXX,1,9.200,92,XXX/XXX_s+1_t09.200.h5,436,-42.762371315704,2.559e-06
XXX,1,9.300,93,XXX/XXX_s+1_t09.300.h5,438,-42.762371522997,2.597e-06
XXX,1,9.400,94,XXX/XXX_s+1_t09.400.h5,440,-42.762371731015,2.634e-06
XXX,1,9.500,95,XXX/XXX_s+1_t09.500.h5,442,-42.762371939444,2.671e-06
XXX,1,9.600,96,XXX/XXX_s+1_t09.600.h5,443,-42.762372148468,2.708e-06
XXX,1,9.700,97,XXX/XXX_s+1_t09.700.h5,444,-42.762372359308,2.746e-06
XXX,1,9.800,98,XXX/XXX_s+1_t09.800.h5,445,-42.762372571262,2.783e-06
XXX,1,9.900,99,XXX/XXX_s+1_t09.900.h5,446,-42.762372785367,2.820e-06
XXX,1,10.000,100,XXX/XXX_s+1_t10.000.h5,447,-42.762373000819,2.858e-06
XXX,1,10.100,101,XXX/XXX_s+1_t10.100.h5,447,-42.762373218409,2.895e-06
XXX,1,10.200,102,XXX/XXX_s+1_t10.200.h5,448,-42.762373439307,2.932e-06
XXX,1,10.300,103,XXX/XXX_s+1_t10.300.h5,448,-42.762373662883,2.969e-06
XXX,1,10.400,104,XXX/XXX_s+1_t10.400.h5,448,-42.762373889901,3.006e-06
XXX,1,10.500,105,XXX/XXX_s+1_t10.500.h5,448,-42.762374120068,3.044e-06
XXX,1,10.600,106,XXX/XXX_s+1_t10.600.h5,448,-42.762374353591,3.081e-06
XXX,1,10.700,107,XXX/XXX_s+1_t10.700.h5,448,-42.762374589716,3.118e-06
XXX,1,10.800,108,XXX/XXX_s+1_t10.800.h5,448,-42.762374828529,3.155e-06
XXX,1,10.900,109,XXX/XXX_s+1_t10.900.h5,448,-42.762375070274,3.192e-06
XXX,1,11.000,110,XXX/XXX_s+1_t11.000.h5,448,-42.762375314723,3.230e-06
XXX,1,11.100,111,XXX/XXX_s+1_t11.100.h5,448,-42.762375561539,3.267e-06
XXX,1,11.200,112,XXX/XXX_s+1_t11.200.h5,448,-42.762375809982,3.304e-06
XXX,1,11.300,113,XXX/XXX_s+1_t11.300.h5,448,-42.762376060787,3.341e-06
XXX,1,11.400,114,XXX/XXX_s+1_t11.400.h5,448,-42.762376314208,3.378e-06
XXX,1,11.500,115,XXX/XXX_s+1_t11.500.h5,448,-42.762376569729,3.415e-06
XXX,1,11.600,116,XXX/XXX_s+1_t11.600.h5,448,-42.762376826439,3.451e-06
XXX,1,11.700,117,XXX/XXX_s+1_t11.700.h5,448,-42.762377084247,3.488e-06
XXX,1,11.800,118,XXX/XXX_s+1_t11.800.h5,448,-42.762377341365,3.524e-06
XXX,1,11.900,119,XXX/XXX_s+1_t11.900.h5,448,-42.762377597537,3.560e-06
XXX,1,12.000,120,XXX/XXX_s+1_t12.000.h5,448,-42.762377853871,3.596e-06
XXX,1,12.100,121,XXX/XXX_s+1_t12.100.h5,448,-42.762378109978,3.632e-06
XXX,1,12.200,122,XXX/XXX_s+1_t12.200.h5,448,-42.762378365936,3.667e-06
XXX,1,12.300,123,XXX/XXX_s+1_t12.300.h5,448,-42.762378620485,3.702e-06
XXX,1,12.400,124,XXX/XXX_s+1_t12.400.h5,448,-42.762378872674,3.737e-06
XXX,1,12.500,125,XXX/XXX_s+1_t12.500.h5,448,-42.762379123022,3.771e-06
XXX,1,12.600,126,XXX/XXX_s+1_t12.600.h5,448,-42.762379371532,3.806e-06
XXX,1,12.700,127,XXX/XXX_s+1_t12.700.h5,448,-42.762379618105,3.840e-06
XXX,1,12.800,128,XXX/XXX_s+1_t12.800.h5,448,-42.762379862618,3.873e-06
XXX,1,12.900,129,XXX/XXX_s+1_t12.900.h5,448,-42.762380104947,3.906e-06
XXX,1,13.000,130,XXX/XXX_s+1_t13.000.h5,448,-42.762380344987,3.939e-06
XXX,-1,0.000,0,XXX/XXX_s-1_t00.000.h5,134,-42.762362466966,0.000e+00
XXX,-1,0.100,1,XXX/XXX_s-1_t00.100.h5,58,-42.762362369986,2.046e-08
XXX,-1,0.200,2,XXX/XXX_s-1_t00.200.h5,58,-42.762362359619,2.642e-08
XXX,-1,0.300,3,XXX/XXX_s-1_t00.300.h5,58,-42.762362352499,3.274e-08
XXX,-1,0.400,4,XXX/XXX_s-1_t00.400.h5,58,-42.762362353032,3.919e-08
XXX,-1,0.500,5,XXX/XXX_s-1_t00.500.h5,59,-42.762362354115,4.684e-08
XXX,-1,0.600,6,XXX/XXX_s-1_t00.600.h5,60,-42.762362359287,5.484e-08
XXX,-1,0.700,7,XXX/XXX_s-1_t00.700.h5,63,-42.762362359656,6.495e-08
XXX,-1,0.800,8,XXX/XXX_s-1_t00.800.h5,66,-42.762362363794,7.569e-08
XXX,-1,0.900,9,XXX/XXX_s-1_t00.900.h5,68,-42.762362370816,8.698e-08
XXX,-1,1.000,10,XXX/XXX_s-1_t01.000.h5,72,-42.762362380506,9.854e-08
XXX,-1,1.100,11,XXX/XXX_s-1_t01.100.h5,75,-42.762362391958,1.108e-07
XXX,-1,1.200,12,XXX/XXX_s-1_t01.200.h5,79,-42.762362405576,1.238e-07
XXX,-1,1.300,13,XXX/XXX_s-1_t01.300.h5,83,-42.762362420332,1.373e-07
XXX,-1,1.400,14,XXX/XXX_s-1_t01.400.h5,85,-42.762362436657,1.514e-07
XXX,-1,1.500,15,XXX/XXX_s-1_t01.500.h5,88,-42.762362454765,1.663e-07
XXX,-1,1.600,16,XXX/XXX_s-1_t01.600.h5,93,-42.762362474670,1.818e-07
XXX,-1,1.700,17,XXX/XXX_s-1_t01.700.h5,97,-42.762362495902,1.980e-07
XXX,-1,1.800,18,XXX/XXX_s-1_t01.800.h5,101,-42.762362518581,2.147e-07
XXX,-1,1.900,19,XXX/XXX_s-1_t01.900.h5,106,-42.762362542736,2.318e-07
XXX,-1,2.000,20,XXX/XXX_s-1_t02.000.h5,111,-42.762362569409,2.496e-07
XXX,-1,2.100,21,XXX/XXX_s-1_t02.100.h5,118,-42.762362597829,2.678e-07
XXX,-1,2.200,22,XXX/XXX_s-1_t02.200.h5,123,-42.762362628329,2.866e-07
XXX,-1,2.300,23,XXX/XXX_s-1_t02.300.h5,127,-42.762362660708,3.059e-07
XXX,-1,2.400,24,XXX/XXX_s-1_t02.400.h5,132,-42.762362695055,3.256e-07
XXX,-1,2.500,25,XXX/XXX_s-1_t02.500.h5,138,-42.762362731041,3.458e-07
XXX,-1,2.600,26,XXX/XXX_s-1_t02.600.h5,143,-42.762362768365,3.663e-07
XXX,-1,2.700,27,XXX/XXX_s-1_t02.700.h5,148,-42.762362808181,3.873e-07
XXX,-1,2.800,28,XXX/XXX_s-1_t02.800.h5,154,-42.762362851006,4.089e-07
XXX,-1,2.900,29,XXX/XXX_s-1_t02.900.h5,160,-42.762362896047,4.310e-07
XXX,-1,3.000,30,XXX/XXX_s-1_t03.000.h5,166,-42.762362943513,4.539e-07
XXX,-1,3.100,31,XXX/XXX_s-1_t03.100.h5,172,-42.762362992631,4.771e-07
XXX,-1,3.200,32,XXX/XXX_s-1_t03.200.h5,178,-42.762363043591,5.008e-07
XXX,-1,3.300,33,XXX/XXX_s-1_t03.300.h5,184,-42.762363097177,5.251e-07
XXX,-1,3.400,34,XXX/XXX_s-1_t03.400.h5,191,-42.762363153897,5.500e-07
XXX,-1,3.500,35,XXX/XXX_s-1_t03.500.h5,197,-42.762363213068,5.755e-07
XXX,-1,3.600,36,XXX/XXX_s-1_t03.600.h5,204,-42.762363274547,6.012e-07
XXX,-1,3.700,37,XXX/XXX_s-1_t03.700.h5,210,-42.762363338487,6.276e-07
XXX,-1,3.800,38,XXX/XXX_s-1_t03.800.h5,216,-42.762363404783,6.543e-07
XXX,-1,3.900,39,XXX/XXX_s-1_t03.900.h5,222,-42.762363473669,6.815e-07
XXX,-1,4.000,40,XXX/XXX_s-1_t04.000.h5,228,-42.762363545030,7.091e-07
XXX,-1,4.100,41,XXX/XXX_s-1_t04.100.h5,234,-42.762363619599,7.374e-07
XXX,-1,4.200,42,XXX/XXX_s-1_t04.200.h5,240,-42.762363696706,7.661e-07
XXX,-1,4.300,43,XXX/XXX_s-1_t04.300.h5,246,-42.762363777067,7.955e-07
XXX,-1,4.400,44,XXX/XXX_s-1_t04.400.h5,253,-42.762363859935,8.254e-07
XXX,-1,4.500,45,XXX/XXX_s-1_t04.500.h5,259,-42.762363945415,8.559e-07
XXX,-1,4.600,46,XXX/XXX_s-1_t04.600.h5,264,-42.762364033824,8.871e-07
XXX,-1,4.700,47,XXX/XXX_s-1_t04.700.h5,270,-42.762364124965,9.187e-07
XXX,-1,4.800,48,XXX/XXX_s-1_t04.800.h5,275,-42.762364219387,9.509e-07
XXX,-1,4.900,49,XXX/XXX_s-1_t04.900.h5,280,-42.762364316611,9.835e-07
XXX,-1,5.000,50,XXX/XXX_s-1_t05.000.h5,286,-42.762364416670,1.017e-06
XXX,-1,5.100,51,XXX/XXX_s-1_t05.100.h5,292,-42.762364520231,1.050e-06
XXX,-1,5.200,52,XXX/XXX_s-1_t05.200.h5,297,-42.762364627202,1.084e-06
XXX,-1,5.300,53,XXX/XXX_s-1_t05.300.h5,302,-42.762364736504,1.118e-06
XXX,-1,5.400,54,XXX/XXX_s-1_t05.400.h5,308,-42.762364849364,1.152e-06
XXX,-1,5.500,55,XXX/XXX_s-1_t05.500.h5,312,-42.762364965351,1.187e-06
XXX,-1,5.600,56,XXX/XXX_s-1_t05.600.h5,317,-42.762365084109,1.222e-06
XXX,-1,5.700,57,XXX/XXX_s-1_t05.700.h5,322,-42.762365206641,1.257e-06
XXX,-1,5.800,58,XXX/XXX_s-1_t05.800.h5,327,-42.762365332597,1.292e-06
XXX,-1,5.900,59,XXX/XXX_s-1_t05.900.h5,331,-42.762365462554,1.329e-06
XXX,-1,6.000,60,XXX/XXX_s-1_t06.000.h5,336,-42.762365595231,1.365e-06
XXX,-1,6.100,61,XXX/XXX_s-1_t06.100.h5,340,-42.762365731039,1.402e-06
XXX,-1,6.200,62,XXX/XXX_s-1_t06.200.h5,345,-42.762365870941,1.439e-06
XXX,-1,6.300,63,XXX/XXX_s-1_t06.300.h5,349,-42.762366014978,1.476e-06
XXX,-1,6.400,64,XXX/XXX_s-1_t06.400.h5,353,-42.762366161337,1.514e-06
XXX,-1,6.500,65,XXX/XXX_s-1_t06.500.h5,358,-42.762366309659,1.552e-06
XXX,-1,6.600,66,XXX/XXX_s-1_t06.600.h5,361,-42.762366461184,1.590e-06
XXX,-1,6.700,67,XXX/XXX_s-1_t06.700.h5,366,-42.762366614988,1.628e-06
XXX,-1,6.800,68,XXX/XXX_s-1_t06.800.h5,370,-42.762366771584,1.666e-06
XXX,-1,6.900,69,XXX/XXX_s-1_t06.900.h5,374,-42.762366931954,1.704e-06
XXX,-1,7.000,70,XXX/XXX_s-1_t07.000.h5,378,-42.762367094856,1.742e-06
XXX,-1,7.100,71,XXX/XXX_s-1_t07.100.h5,382,-42.762367261083,1.779e-06
XXX,-1,7.200,72,XXX/XXX_s-1_t07.200.h5,386,-42.762367430628,1.816e-06
XXX,-1,7.300,73,XXX/XXX_s-1_t07.300.h5,389,-42.762367603633,1.854e-06
XXX,-1,7.400,74,XXX/XXX_s-1_t07.400.h5,393,-42.762367779355,1.891e-06
XXX,-1,7.500,75,XXX/XXX_s-1_t07.500.h5,396,-42.762367957643,1.928e-06
XXX,-1,7.600,76,XXX/XXX_s-1_t07.600.h5,399,-42.762368138392,1.964e-06
XXX,-1,7.700,77,XXX/XXX_s-1_t07.700.h5,402,-42.762368322144,2.001e-06
XXX,-1,7.800,78,XXX/XXX_s-1_t07.800.h5,405,-42.762368508687,2.038e-06
XXX,-1,7.900,79,XXX/XXX_s-1_t07.900.h5,407,-42.762368697391,2.076e-06
XXX,-1,8.000,80,XXX/XXX_s-1_t08.000.h5,410,-42.762368888729,2.113e-06
XXX,-1,8.100,81,XXX/XXX_s-1_t08.100.h5,413,-42.762369081622,2.150e-06
XXX,-1,8.200,82,XXX/XXX_s-1_t08.200.h5,415,-42.762369277316,2.187e-06
XXX,-1,8.300,83,XXX/XXX_s-1_t08.300.h5,417,-42.762369475653,2.224e-06
XXX,-1,8.400,84,XXX/XXX_s-1_t08.400.h5,420,-42.762369676028,2.261e-06
XXX,-1,8.500,85,XXX/XXX_s-1_t08.500.h5,422,-42.762369878100,2.299e-06
XXX,-1,8.600,86,XXX/XXX_s-1_t08.600.h5,425,-42.762370080973,2.336e-06
XXX,-1,8.700,87,XXX/XXX_s-1_t08.700.h5,427,-42.762370284772,2.373e-06
XXX,-1,8.800,88,XXX/XXX_s-1_t08.800.h5,429,-42.762370489675,2.410e-06
XXX,-1,8.900,89,XXX/XXX_s-1_t08.900.h5,430,-42.762370695687,2.448e-06
XXX,-1,9.000,90,XXX/XXX_s-1_t09.000.h5,432,-42.762370901840,2.485e-06
XXX,-1,9.100,91,XXX/XXX_s-1_t09.100.h5,434,-42.762371108687,2.522e-06
XXX,-1,9.200,92,XXX/XXX_s-1_t09.200.h5,436,-42.762371315704,2.559e-06
XXX,-1,9.300,93,XXX/XXX_s-1_t09.300.h5,438,-42.762371522997,2.597e-06
XXX,-1,9.400,94,XXX/XXX_s-1_t09.400.h5,440,-42.762371731014,2.634e-06
XXX,-1,9.500,95,XXX/XXX_s-1_t09.500.h5,442,-42.762371939444,2.671e-06
XXX,-1,9.600,96,XXX/XXX_s-1_t09.600.h5,443,-42.762372148468,2.708e-06
XXX,-1,9.700,97,XXX/XXX_s-1_t09.700.h5,444,-42.762372359308,2.746e-06
XXX,-1,9.800,98,XXX/XXX_s-1_t09.800.h5,445,-42.762372571262,2.783e-06
XXX,-1,9.900,99,XXX/XXX_s-1_t09.900.h5,446,-42.762372785367,2.820e-06
XXX,-1,10.000,100,XXX/XXX_s-1_t10.000.h5,447,-42.762373000819,2.858e-06
XXX,-1,10.100,101,XXX/XXX_s-1_t10.100.h5,447,-42.762373218409,2.895e-06
XXX,-1,10.200,102,XXX/XXX_s-1_t10.200.h5,448,-42.762373439306,2.932e-06
XXX,-1,10.300,103,XXX/XXX_s-1_t10.300.h5,448,-42.762373662883,2.969e-06
XXX,-1,10.400,104,XXX/XXX_s-1_t10.400.h5,448,-42.762373889901,3.006e-06
XXX,-1,10.500,105,XXX/XXX_s-1_t10.500.h5,448,-42.762374120067,3.044e-06
XXX,-1,10.600,106,XXX/XXX_s-1_t10.600.h5,448,-42.762374353591,3.081e-06
XXX,-1,10.700,107,XXX/XXX_s-1_t10.700.h5,448,-42.762374589716,3.118e-06
XXX,-1,10.800,108,XXX/XXX_s-1_t10.800.h5,448,-42.762374828530,3.155e-06
XXX,-1,10.900,109,XXX/XXX_s-1_t10.900.h5,448,-42.762375070274,3.192e-06
XXX,-1,11.000,110,XXX/XXX_s-1_t11.000.h5,448,-42.762375314723,3.230e-06
XXX,-1,11.100,111,XXX/XXX_s-1_t11.100.h5,448,-42.762375561540,3.267e-06
XXX,-1,11.200,112,XXX/XXX_s-1_t11.200.h5,448,-42.762375809982,3.304e-06
XXX,-1,11.300,113,XXX/XXX_s-1_t11.300.h5,448,-42.762376060787,3.341e-06
XXX,-1,11.400,114,XXX/XXX_s-1_t11.400.h5,448,-42.762376314208,3.378e-06
XXX,-1,11.500,115,XXX/XXX_s-1_t11.500.h5,448,-42.762376569729,3.415e-06
XXX,-1,11.600,116,XXX/XXX_s-1_t11.600.h5,448,-42.762376826439,3.451e-06
XXX,-1,11.700,117,XXX/XXX_s-1_t11.700.h5,448,-42.762377084247,3.488e-06
XXX,-1,11.800,118,XXX/XXX_s-1_t11.800.h5,448,-42.762377341365,3.524e-06
XXX,-1,11.900,119,XXX/XXX_s-1_t11.900.h5,448,-42.762377597537,3.560e-06
XXX,-1,12.000,120,XXX/XXX_s-1_t12.000.h5,448,-42.762377853871,3.596e-06
XXX,-1,12.100,121,XXX/XXX_s-1_t12.100.h5,448,-42.762378109978,3.632e-06
XXX,-1,12.200,122,XXX/XXX_s-1_t12.200.h5,448,-42.762378365936,3.667e-06
XXX,-1,12.300,123,XXX/XXX_s-1_t12.300.h5,448,-42.762378620485,3.702e-06
XXX,-1,12.400,124,XXX/XXX_s-1_t12.400.h5,448,-42.762378872674,3.737e-06
XXX,-1,12.500,125,XXX/XXX_s-1_t12.500.h5,448,-42.762379123022,3.771e-06
XXX,-1,12.600,126,XXX/XXX_s-1_t12.600.h5,448,-42.762379371532,3.806e-06
XXX,-1,12.700,127,XXX/XXX_s-1_t12.700.h5,448,-42.762379618105,3.840e-06
XXX,-1,12.800,128,XXX/XXX_s-1_t12.800.h5,448,-42.762379862618,3.873e-06
XXX,-1,12.900,129,XXX/XXX_s-1_t12.900.h5,448,-42.762380104947,3.906e-06
XXX,-1,13.000,130,XXX/XXX_s-1_t13.000.h5,448,-42.762380344987,3.939e-06
