Epoch,Quantum_Loss_PennyLane
0,1.536323311920129
1,1.5327452775447936
2,1.5292311048410911
3,1.5257800468696803
4,1.5223913522821766
5,1.5190642657823483
6,1.51579802858391
7,1.51259187886428
8,1.5094450522137057
9,1.5063567820791681
10,1.5033263002025068
11,1.5003528370522423
12,1.4974356222485738
13,1.494573884981078
14,1.4917668544186644
15,1.4890137601113467
16,1.4863138323834413
17,1.4836663027178245
18,1.4810704041309068
19,1.4785253715380142
20,1.4760304421088906
21,1.4735848556130722
22,1.4711878547549126
23,1.4688386854980426
24,1.4665365973791247
25,1.4642808438107233
26,1.4620706823732204
27,1.4599053750956301
28,1.4577841887253054
29,1.4557063949864513
30,1.4536712708274515
31,1.4516780986570033
32,1.4497261665690973
33,1.4478147685568814
34,1.4459432047154785
35,1.4441107814338507
36,1.4423168115758056
37,1.4405606146502765
38,1.4388415169710012
39,1.4371588518057572
40,1.4355119595153303
41,1.4339001876823656
42,1.4323228912303165
43,1.4307794325326917
44,1.4292691815127796
45,1.4277915157341123
46,1.426345820481857
47,1.4249314888353881
48,1.4235479217322795
49,1.4221945280239436
50,1.4208707245231815
51,1.4195759360438966
52,1.4183095954332
53,1.4170711435962005
54,1.4158600295137087
55,1.4146757102531193
56,1.4135176509727303
57,1.412385324919759
58,1.411278213422309
59,1.410195805875523
60,1.409137599722208
61,1.4081031004281552
62,1.4070918214523993
63,1.4061032842126764
64,1.4051370180463074
65,1.4041925601667362
66,1.4032694556159737
67,1.4023672572131354
68,1.4014855254993397
69,1.400623828679139
70,1.3997817425587256
71,1.3989588504810953
72,1.398154743258378
73,1.3973690191015298
74,1.396601283547569
75,1.3958511493845436
76,1.3951182365743982
77,1.3944021721739246
78,1.3937025902539428
79,1.39301913181689
80,1.3923514447129592
81,1.3916991835549357
82,1.391062009631875
83,1.3904395908217655
84,1.3898316015032877
85,1.3892377224668229
86,1.388657640824798
87,1.3880910499215133
88,1.387537649242541
89,1.3869971443238014
90,1.3864692466604325
91,1.3859536736155182
92,1.385450148328803
93,1.3849583996254302
94,1.3844781619248385
95,1.384009175149843
96,1.383551184636012
97,1.3831039410413766
98,1.3826672002565674
99,1.3822407233154044
100,1.3818242763060267
101,1.3814176302825967
102,1.3810205611776394
103,1.3806328497150464
104,1.380254281323809
105,1.3798846460525045
106,1.379523738484572
107,1.3791713576544256
108,1.378827306964424
109,1.3784913941027184
110,1.3781634309620288
111,1.3778432335593505
112,1.3775306219566152
113,1.3772254201823373
114,1.3769274561542488
115,1.3766365616029517
116,1.376352571996582
117,1.376075326466518
118,1.3758046677341265
119,1.3755404420385648
120,1.3752824990656394
121,1.3750306918777249
122,1.3747848768447533
123,1.3745449135762773
124,1.374310664854593
125,1.3740819965689428
126,1.3738587776507851
127,1.3736408800101247
128,1.3734281784729236
129,1.3732205507195525
130,1.3730178772243158
131,1.3728200411960096
132,1.3726269285195394
133,1.3724384276985635
134,1.3722544297991757
135,1.372074828394589
136,1.371899519510864
137,1.3717284015736055
138,1.3715613753556775
139,1.3713983439258914
140,1.371239212598665
141,1.371083888884653
142,1.3709322824423136
143,1.3707843050304347
144,1.3706398704615652
145,1.3704988945563823
146,1.3703612950989468
147,1.3702269917928658
148,1.3700959062183191
149,1.3699679617899614
150,1.3698430837156799
151,1.3697211989561877
152,1.3696022361854467
153,1.3694861257519146
154,1.3693727996405796
155,1.369262191435802
156,1.3691542362849207
157,1.3690488708626334
158,1.368946033336119
159,1.3688456633309105
160,1.368747701897479
161,1.3686520914785492
162,1.3685587758771025
163,1.3684677002250702
164,1.3683788109527122
165,1.3682920557586487
166,1.368207383580546
167,1.3681247445664484
168,1.3680440900467272
169,1.3679653725066558
170,1.3678885455595822
171,1.367813563920688
172,1.367740383381351
173,1.3676689607840458
174,1.3675992539978261
175,1.3675312218943463
176,1.367464824324419
177,1.367400022095101
178,1.3673367769472833
179,1.367275051533809
180,1.3672148093980576
181,1.367156014953033
182,1.367098633460916
183,1.367042631013089
184,1.3669879745106037
185,1.3669346316451043
186,1.3668825708801828
187,1.3668317614331575
188,1.366782173257276
189,1.3667337770243186
190,1.366686544107607
191,1.3666404465654036
192,1.3665954571246908
193,1.3665515491653282
194,1.3665086967045719
195,1.3664668743819552
196,1.3664260574445235
197,1.3663862217324012
198,1.366347343664706
199,1.3663094002257798
200,1.3662723689517513
201,1.3662362279174052
202,1.3662009557233565
203,1.366166531483532
204,1.3661329348129363
205,1.3661001458157118
206,1.3660681450734717
207,1.3660369136339114
208,1.366006432999688
209,1.365976685117554
210,1.3659476523677596
211,1.36591931755369
212,1.365891663891757
213,1.3658646750015258
214,1.3658383348960734
215,1.3658126279725775
216,1.365787539003128
217,1.3657630531257474
218,1.3657391558356413
219,1.3657158329766363
220,1.365693070732833
221,1.3656708556204573
222,1.3656491744798989
223,1.365628014467938
224,1.3656073630501675
225,1.3655872079935834
226,1.3655675373593565
227,1.3655483394957775
228,1.3655296030313657
229,1.3655113168681476
230,1.365493470175088
231,1.3654760523816862
232,1.36545905317172
233,1.3654424624771342
234,1.3654262704720903
235,1.36541046756714
236,1.3653950444035483
237,1.3653799918477563
238,1.3653653009859579
239,1.3653509631188334
240,1.3653369697563797
241,1.3653233126128907
242,1.3653099836020384
243,1.3652969748320807
244,1.365284278601186
245,1.3652718873928615
246,1.365259793871497
247,1.3652479908780175
248,1.3652364714256324
249,1.3652252286956919
250,1.3652142560336449
251,1.3652035469450878
252,1.3651930950919131
253,1.3651828942885444
254,1.3651729384982723
255,1.3651632218296674
256,1.3651537385330836
257,1.3651444829972486
258,1.36513544974593
259,1.3651266334346879
260,1.3651180288477003
261,1.365109630894667
262,1.3651014346077905
263,1.3650934351388222
264,1.3650856277561885
265,1.3650780078421814
266,1.3650705708902113
267,1.365063312502143
268,1.3650562283856704
269,1.365049314351781
270,1.36504256631226
271,1.365035980277268
272,1.3650295523529696
273,1.3650232787392231
274,1.3650171557273247
275,1.3650111796978046
276,1.3650053471182813
277,1.3649996545413607
278,1.3649940986025944
279,1.3649886760184748
280,1.3649833835844971
281,1.3649782181732453
282,1.3649731767325441
283,1.364968256283642
284,1.3649634539194464
285,1.3649587668027974
286,1.3649541921647832
287,1.3649497273030948
288,1.3649453695804277
289,1.3649411164229095
290,1.3649369653185803
291,1.3649329138158928
292,1.3649289595222682
293,1.3649251001026659
294,1.3649213332782077
295,1.364917656824816
296,1.3649140685719034
297,1.3649105664010777
298,1.3649071482448898
299,1.3649038120856063
300,1.3649005559540086
301,1.364897377928234
302,1.364894276132624
303,1.3648912487366203
304,1.3648882939536775
305,1.3648854100402024
306,1.3648825952945178
307,1.3648798480558613
308,1.3648771667033894
309,1.3648745496552273
310,1.3648719953675235
311,1.3648695023335384
312,1.3648670690827491
313,1.364864694179981
314,1.3648623762245493
315,1.3648601138494414
316,1.3648579057204935
317,1.3648557505356096
318,1.3648536470239865
319,1.3648515939453572
320,1.3648495900892637
321,1.364847634274331
322,1.3648457253475779
323,1.364843862183722
324,1.3648420436845203
325,1.364840268778122
326,1.3648385364184232
327,1.3648368455844562
328,1.3648351952797808
329,1.3648335845318962
330,1.3648320123916626
331,1.364830477932745
332,1.364828980251055
333,1.3648275184642253
334,1.3648260917110822
335,1.3648246991511368
336,1.3648233399640868
337,1.3648220133493338
338,1.364820718525506
339,1.364819454729997
340,1.3648182212185156
341,1.364817017264646
342,1.3648158421594148
343,1.3648146952108733
344,1.3648135757436894
345,1.3648124830987474
346,1.3648114166327554
347,1.36481037571787
348,1.3648093597413198
349,1.3648083681050471
350,1.36480740022535
351,1.364806455532543
352,1.3648055334706142
353,1.3648046334969022
354,1.3648037550817682
355,1.3648028977082896
356,1.3648020608719524
357,1.364801244080351
358,1.3648004468528994
359,1.3647996687205453
360,1.3647989092254964
361,1.3647981679209442
362,1.3647974443708057
363,1.3647967381494643
364,1.3647960488415132
365,1.364795376041517
366,1.3647947193537704
367,1.3647940783920607
368,1.3647934527794443
369,1.3647928421480202
370,1.3647922461387174
371,1.3647916644010776
372,1.3647910965930532
373,1.364790542380799
374,1.3647900014384846
375,1.3647894734480905
376,1.36478895809923
377,1.3647884550889615
378,1.3647879641216096
379,1.3647874849085917
380,1.3647870171682501
381,1.3647865606256784
382,1.364786115012565
383,1.3647856800670373
384,1.3647852555334983
385,1.364784841162486
386,1.3647844367105177
387,1.3647840419399517
388,1.3647836566188434
389,1.3647832805208129
390,1.3647829134249074
391,1.364782555115474
392,1.3647822053820273
393,1.364781864019133
394,1.3647815308262805
395,1.3647812056077666
396,1.3647808881725818
397,1.3647805783342966
398,1.364780275910947
399,1.3647799807249368
400,1.364779692602923
401,1.364779411375723
402,1.3647791368782056
403,1.3647788689491995
404,1.3647786074313961
405,1.3647783521712602
406,1.364778103018935
407,1.3647778598281555
408,1.3647776224561623
409,1.3647773907636183
410,1.3647771646145266
411,1.3647769438761495
412,1.3647767284189287
413,1.3647765181164115
414,1.3647763128451795
415,1.3647761124847664
416,1.3647759169175973
417,1.3647757260289097
418,1.3647755397066965
419,1.3647753578416317
420,1.36477518032701
421,1.364775007058682
422,1.3647748379349929
423,1.3647746728567263
424,1.364774511727041
425,1.3647743544514155
426,1.3647742009375963
427,1.3647740510955342
428,1.3647739048373428
429,1.3647737620772395
430,1.3647736227314935
431,1.364773486718386
432,1.3647733539581506
433,1.364773224372932
434,1.364773097886744
435,1.3647729744254171
436,1.3647728539165582
437,1.364772736289508
438,1.3647726214753024
439,1.364772509406626
440,1.3647724000177774
441,1.3647722932446271
442,1.3647721890245863
443,1.364772087296557
444,1.36477198800091
445,1.364771891079444
446,1.3647717964753494
447,1.3647717041331786
448,1.3647716139988106
449,1.3647715260194206
450,1.3647714401434505
451,1.3647713563205732
452,1.36477127450167
453,1.3647711946387973
454,1.3647711166851577
455,1.3647710405950764
456,1.3647709663239715
457,1.3647708938283283
458,1.3647708230656734
459,1.364770753994552
460,1.3647706865744988
461,1.3647706207660204
462,1.3647705565305668
463,1.364770493830512
464,1.3647704326291281
465,1.3647703728905718
466,1.364770314579851
467,1.3647702576628162
468,1.364770202106134
469,1.364770147877267
470,1.3647700949444603
471,1.3647700432767156
472,1.364769992843777
473,1.3647699436161154
474,1.3647698955649048
475,1.3647698486620117
476,1.364769802879975
477,1.3647697581919904
478,1.3647697145718967
479,1.3647696719941558
480,1.3647696304338433
481,1.364769589866631
482,1.3647695502687711
483,1.3647695116170873
484,1.364769473888953
485,1.3647694370622876
486,1.3647694011155374
487,1.3647693660276632
488,1.3647693317781298
489,1.3647692983468942
490,1.3647692657143924
491,1.3647692338615283
492,1.3647692027696627
493,1.364769172420603
494,1.3647691427965913
495,1.3647691138802922
496,1.3647690856547905
497,1.364769058103572
498,1.3647690312105152
499,1.3647690049598906
