idx,formula,n_heavy,DoU,gap_Ha,n_frontier_within_kT,largest_pi_atoms,n_aromatic_atoms
316,C3H2O3,6,3.0,0.11615,2,6,0
263,C3H7NO2,6,1.0,0.11889,4,3,0
713,C2H2N4,6,4.0,0.13105,2,6,6
315,C3HNO2,6,4.0,0.14823,2,6,0
314,C4H2O2,6,4.0,0.14904,2,6,0
27,C2H2O2,4,2.0,0.15466,2,4,0
714,C2H2N4,6,4.0,0.15614,2,6,6
347,C3H4O3,6,2.0,0.15648,2,4,0
343,C4H6O2,6,2.0,0.15718,2,4,0
58,C3H4O2,5,2.0,0.15731,2,4,0
271,C4H6O2,6,2.0,0.1587,2,4,0
715,C2H2N4,6,4.0,0.16141,4,6,6
891,C4H4N2O,7,4.0,0.16453,2,7,6
890,C4H4N2O,7,4.0,0.16721,2,7,6
344,C3H6N2O,6,2.0,0.16827,2,5,0
896,C4H4N2O,7,4.0,0.17181,3,7,6
901,C4H3NO2,7,4.0,0.17275,3,7,6
802,C4H6N2O,7,3.0,0.17382,2,6,0
711,C4H4N2,6,4.0,0.17508,2,6,6
712,C3H3N3,6,4.0,0.17549,3,6,6
889,C3H4N4,7,4.0,0.17595,2,7,6
894,C5H5NO,7,4.0,0.17723,2,7,6
899,C5H4O2,7,4.0,0.17778,2,7,6
345,C3H5NO2,6,2.0,0.17799,2,5,0
892,C4H4N2O,7,4.0,0.18006,2,7,6
895,C4H4N2O,7,4.0,0.1802,2,7,6
791,C5H3NO,7,5.0,0.18154,2,7,0
346,C3H4O3,6,2.0,0.18242,2,5,0
480,C5H2O,6,5.0,0.18287,4,6,0
481,C4HNO,6,5.0,0.18315,2,6,0
900,C4H3NO2,7,4.0,0.18396,2,7,6
893,C3H3N3O,7,4.0,0.18431,2,7,6
998,C5H5NO,7,4.0,0.18649,2,7,5
334,C3H6N2O,6,2.0,0.18673,3,5,0
916,C4H5N3,7,4.0,0.18814,2,7,6
920,C4H5N3,7,4.0,0.18814,2,7,6
474,C6H2,6,6.0,0.18965,4,6,0
311,C5H2O,6,5.0,0.1897,2,6,0
999,C5H4O2,7,4.0,0.19098,3,7,5
801,C5H7NO,7,3.0,0.19156,2,5,0
59,C2H4N2O,5,2.0,0.19178,2,5,0
602,C4H7NO,6,2.0,0.19275,2,0,0
433,C5H6O,6,3.0,0.19315,2,4,0
917,C4H5N3,7,4.0,0.19342,2,7,6
784,C4H8N2O2,8,2.0,0.19486,2,6,0
749,C2H3N3O,6,3.0,0.19516,2,6,5
312,C4HNO,6,5.0,0.19519,2,6,0
902,C4H3NO2,7,4.0,0.19535,2,7,6
907,C5H6N2,7,4.0,0.19536,2,6,6
911,C5H6N2,7,4.0,0.19536,2,6,6
897,C4H4N2O,7,4.0,0.19543,2,7,6
482,C4H2O2,6,4.0,0.19552,2,6,0
273,C2H4N2O2,6,2.0,0.19576,3,6,0
210,C4H4N2,6,4.0,0.19606,2,6,6
332,C3H4O3,6,2.0,0.19674,2,0,0
915,C5H6N2,7,4.0,0.1969,2,7,6
272,C3H6N2O,6,2.0,0.19691,2,5,0
979,C6H4O,7,5.0,0.19698,2,7,5
919,C4H5N3,7,4.0,0.19757,2,7,6
329,C4H6O2,6,2.0,0.19804,2,0,0
898,C3H3N3O,7,4.0,0.19806,2,7,6
903,C3H2N2O2,7,4.0,0.19836,2,7,6
918,C5H6N2,7,4.0,0.19868,2,7,6
252,C4H9NO,6,1.0,0.19921,2,0,0
313,C3N2O,6,5.0,0.19936,2,6,0
475,C5HN,6,6.0,0.19945,4,6,0
886,C5H4O2,7,4.0,0.19967,2,7,6
978,C6H5N,7,5.0,0.20154,0,7,5
25,C3H2O,4,3.0,0.20224,0,4,0
926,C4H4N2O,7,4.0,0.20228,0,7,6
930,C4H4N2O,7,4.0,0.20228,0,7,6
759,CH2N4O,6,3.0,0.20238,0,6,5
983,C5H3NO,7,5.0,0.20245,0,7,5
885,C4H4N2O,7,4.0,0.20279,0,7,6
981,C5H3NO,7,5.0,0.20313,0,7,5
299,C4H7NO,6,2.0,0.20322,0,0,0
113,C4H4O,5,3.0,0.20367,0,4,0
505,C5H6O,6,3.0,0.20383,0,4,0
777,C5H7NO,7,3.0,0.20394,0,5,0
914,C6H7N,7,4.0,0.20429,0,7,6
506,C4H4O2,6,3.0,0.20431,0,4,0
982,C5H4N2,7,5.0,0.20562,0,7,5
793,C4H5NO2,7,3.0,0.20568,0,5,0
910,C5H6N2,7,4.0,0.20588,0,6,6
927,C4H4N2O,7,4.0,0.20634,0,7,6
26,C2HNO,4,3.0,0.2064,0,4,0
985,C5H3NO,7,5.0,0.20666,0,7,5
55,C4H4O,5,3.0,0.2068,0,4,0
174,C4H5NO,6,3.0,0.20688,0,5,0
792,C5H7NO,7,3.0,0.20723,0,5,0
341,C4H4O2,6,3.0,0.20733,0,4,0
780,C4H7NO2,7,2.0,0.20744,0,3,0
887,C4H3NO2,7,4.0,0.20751,0,7,6
908,C5H6N2,7,4.0,0.20767,0,6,6
980,C5H4N2,7,5.0,0.20767,0,7,5
225,C5H6O,6,3.0,0.20775,0,4,0
335,C5H6O,6,3.0,0.20793,0,4,0
939,C4H6N2O,7,3.0,0.2087,0,6,5
884,C4H4N2O,7,4.0,0.20889,0,7,6
211,C4H4N2,6,4.0,0.20903,0,6,6
912,C5H6N2,7,4.0,0.21025,0,6,6
989,C4H2N2O,7,5.0,0.21049,0,7,5
984,C5H4N2,7,5.0,0.21063,0,7,5
337,C3H5N3,6,3.0,0.21087,0,5,0
925,C5H5NO,7,4.0,0.21109,0,7,6
549,C4H6O2,6,2.0,0.21172,0,0,0
748,C3H4N2O,6,3.0,0.21173,0,6,5
929,C4H4N2O,7,4.0,0.21198,0,7,6
274,C2H4N2O2,6,2.0,0.21206,0,6,0
235,C4H6O2,6,2.0,0.21216,0,0,0
89,C3H5NO,5,2.0,0.21226,0,0,0
928,C5H5NO,7,4.0,0.21231,0,7,6
476,C4N2,6,6.0,0.21242,0,6,0
56,C3H3NO,5,3.0,0.2126,0,4,0
342,C3H3NO2,6,3.0,0.21272,0,4,0
952,C4H5NO2,7,3.0,0.21304,0,7,5
413,C4H7NO,6,2.0,0.21311,0,0,0
336,C4H5NO,6,3.0,0.21314,0,4,0
988,C4H3N3,7,5.0,0.21314,0,7,5
977,C4H6N2O,7,3.0,0.21324,0,6,5
957,C4H5NO2,7,3.0,0.21358,0,7,5
832,C4H6N2O,7,3.0,0.21365,0,6,5
432,C4H5NO,6,3.0,0.21372,0,5,0
888,C3H2N2O2,7,4.0,0.21386,0,7,6
954,C3H4N2O2,7,3.0,0.21406,0,7,5
785,C3H6N2O2,7,2.0,0.21433,0,6,0
949,C4H6N2O,7,3.0,0.21448,0,7,5
202,C3H4N2O,6,3.0,0.2149,0,6,5
434,C4H5NO,6,3.0,0.21496,0,5,0
987,C4H2N2O,7,5.0,0.21502,0,7,5
491,C3H5NO2,6,2.0,0.21504,0,3,0
429,C4H5NO,6,3.0,0.21505,0,5,0
379,C3H6O3,6,1.0,0.2151,0,0,0
601,C4H6O2,6,2.0,0.2152,0,0,0
747,C2H4N4,6,3.0,0.21538,0,6,5
938,C5H7NO,7,3.0,0.21548,0,6,5
877,C3H4N2O2,7,3.0,0.21554,0,7,5
913,C4H5N3,7,4.0,0.21569,0,6,6
758,C2H3N3O,6,3.0,0.21584,0,6,5
921,C4H5N3,7,4.0,0.2159,0,7,6
239,C2H5N3O,6,2.0,0.21647,0,6,0
882,C4H7N3,7,3.0,0.21662,0,6,5
946,C4H5NO2,7,3.0,0.21685,0,6,5
850,C5H7NO,7,3.0,0.21708,0,6,5
992,C6H4O,7,5.0,0.21713,0,7,5
674,C4H4O2,6,3.0,0.21733,0,0,0
922,C3H4N4,7,4.0,0.2174,0,7,6
859,C4H6N2O,7,3.0,0.21748,0,7,5
839,C4H6N2O,7,3.0,0.21752,0,7,5
745,C2H3N3O,6,3.0,0.21759,0,6,5
755,CH3N5,6,3.0,0.21769,0,6,5
923,C6H6O,7,4.0,0.21785,0,7,6
400,C4H6O2,6,2.0,0.21788,0,0,0
37,C2H4O2,4,1.0,0.21799,0,0,0
950,C3H5N3O,7,3.0,0.21808,0,7,5
986,C4H3N3,7,5.0,0.21814,0,7,5
441,C4H6O2,6,2.0,0.2182,0,0,0
821,C5H7NO,7,3.0,0.2183,0,6,5
993,C5H3NO,7,5.0,0.2183,0,7,5
871,C3H5N3O,7,3.0,0.21838,0,7,5
212,C3H3N3,6,4.0,0.2184,0,6,6
836,C4H6N2O,7,3.0,0.21874,0,7,5
570,C4H7NO,6,2.0,0.21892,0,0,0
941,C5H7NO,7,3.0,0.219,0,6,5
879,C5H8N2,7,3.0,0.21925,0,6,5
503,C5H4O,6,4.0,0.21934,0,4,0
492,C4H6O2,6,2.0,0.21945,0,0,0
110,C2H3NO2,5,2.0,0.21948,0,5,0
550,C4H6O2,6,2.0,0.21952,0,0,0
493,C3H5NO2,6,2.0,0.21953,0,3,0
867,C4H6N2O,7,3.0,0.21957,0,6,5
944,C5H6O2,7,3.0,0.21972,0,6,5
947,C5H7NO,7,3.0,0.21991,0,6,5
959,C3H4N2O2,7,3.0,0.21994,0,7,5
498,C5H6O,6,3.0,0.22001,0,0,0
142,C3H5NO,5,2.0,0.22004,0,0,0
181,C3H4N2O,6,3.0,0.22016,0,6,5
143,C3H4O2,5,2.0,0.22039,0,0,0
409,C5H8O,6,2.0,0.22058,0,0,0
600,C4H7NO,6,2.0,0.22058,0,0,0
673,C4H5NO,6,3.0,0.22071,0,0,0
932,C3H3N3O,7,4.0,0.22078,0,7,6
865,C4H5NO2,7,3.0,0.22079,0,7,5
399,C4H6O2,6,2.0,0.22086,0,0,0
820,C5H8N2,7,3.0,0.22093,0,6,5
835,C4H7N3,7,3.0,0.22099,0,7,5
838,C4H5NO2,7,3.0,0.22107,0,7,5
845,C4H5NO2,7,3.0,0.22112,0,7,5
201,C4H5NO,6,3.0,0.22128,0,6,5
325,C5H6O,6,3.0,0.22129,0,0,0
300,C4H6O2,6,2.0,0.22139,0,0,0
869,C4H6N2O,7,3.0,0.2214,0,6,5
789,C4H8N2O,7,2.0,0.22165,0,3,0
990,C6H5N,7,5.0,0.22165,0,7,5
856,C4H6N2O,7,3.0,0.22169,0,6,5
572,C4H7NO,6,2.0,0.22176,0,0,0
200,C3H5N3,6,3.0,0.2218,0,6,5
327,C4H4O2,6,3.0,0.22206,0,0,0
548,C5H8O,6,2.0,0.22207,0,0,0
418,C4H6O2,6,2.0,0.22208,0,0,0
499,C3H6N2O,6,2.0,0.2221,0,5,0
237,C3H5NO2,6,2.0,0.22218,0,5,0
86,C4H6O,5,2.0,0.22221,0,0,0
438,C5H8O,6,2.0,0.22224,0,0,0
189,C4H5NO,6,3.0,0.22246,0,6,5
251,C4H8O2,6,1.0,0.22247,0,0,0
834,C4H5NO2,7,3.0,0.22249,0,6,5
842,C3H5N3O,7,3.0,0.22258,0,7,5
776,CHN3O2,6,3.0,0.22264,0,6,5
991,C5H4N2,7,5.0,0.22274,0,7,5
906,C6H7N,7,4.0,0.22289,0,6,6
754,C2H4N4,6,3.0,0.223,0,6,5
296,C5H8O,6,2.0,0.22304,0,0,0
333,C3H5N3,6,3.0,0.22315,0,5,0
398,C4H7NO,6,2.0,0.22323,0,0,0
843,C3H5N3O,7,3.0,0.2234,0,7,5
746,C3H5N3,6,3.0,0.22348,0,6,5
823,C5H6O2,7,3.0,0.22349,0,6,5
945,C4H6N2O,7,3.0,0.22349,0,6,5
958,C4H5NO2,7,3.0,0.22361,0,7,5
909,C6H7N,7,4.0,0.22375,0,6,6
814,C2HF3O,6,1.0,0.22378,0,0,0
937,C5H8N2,7,3.0,0.22386,0,6,5
675,C4H5NO,6,3.0,0.22393,0,0,0
618,C4H6O2,6,2.0,0.22397,0,0,0
128,C3H6O2,5,1.0,0.22422,0,0,0
571,C4H6O2,6,2.0,0.22424,0,0,0
5,CH2O,2,1.0,0.2243,0,0,0
485,C5H6O,6,3.0,0.2246,0,0,0
827,C5H7NO,7,3.0,0.2246,0,6,5
996,C5H3NO,7,5.0,0.22475,0,7,5
106,C4H4O,5,3.0,0.2248,0,0,0
209,C5H5N,6,4.0,0.22481,0,6,6
190,C3H4N2O,6,3.0,0.22482,0,6,5
205,C3H3NO2,6,3.0,0.22493,0,6,5
428,C5H6O,6,3.0,0.22494,0,0,0
569,C5H8O,6,2.0,0.22517,0,0,0
414,C4H6O2,6,2.0,0.22518,0,0,0
326,C4H5NO,6,3.0,0.22522,0,0,0
931,C4H4N2O,7,4.0,0.22528,0,7,6
964,C5H7NO,7,3.0,0.22535,0,6,5
494,C3H4O3,6,2.0,0.22537,0,3,0
219,C4H8O2,6,1.0,0.2254,0,0,0
66,C3H6O2,5,1.0,0.22584,0,0,0
833,C4H6N2O,7,3.0,0.22589,0,6,5
976,C4H6N2O,7,3.0,0.22597,0,6,5
943,C5H7NO,7,3.0,0.22606,0,6,5
378,C4H8O2,6,1.0,0.22612,0,0,0
375,C5H10O,6,1.0,0.22616,0,0,0
861,C4H5NO2,7,3.0,0.22634,0,7,5
108,C2H4N2O,5,2.0,0.22639,0,5,0
883,C4H6N2O,7,3.0,0.22652,0,6,5
199,C4H6N2,6,3.0,0.22674,0,6,5
837,C4H6N2O,7,3.0,0.22681,0,7,5
486,C4H5NO,6,3.0,0.22693,0,0,0
905,C6H7N,7,4.0,0.22696,0,6,6
65,C4H8O,5,1.0,0.22712,0,0,0
822,C5H7NO,7,3.0,0.22721,0,6,5
178,C3H6N2O,6,2.0,0.22737,0,3,0
966,C4H6N2O,7,3.0,0.22758,0,7,5
598,C5H8O,6,2.0,0.2276,0,0,0
528,C4H8O2,6,1.0,0.22768,0,0,0
236,C3H6N2O,6,2.0,0.22774,0,5,0
880,C5H7NO,7,3.0,0.22782,0,6,5
248,C5H10O,6,1.0,0.22788,0,0,0
603,C4H6O2,6,2.0,0.22788,0,0,0
742,C2H3N3O,6,3.0,0.22801,0,6,5
797,C4H8N2O,7,2.0,0.22811,0,3,0
229,C5H6O,6,3.0,0.22817,0,0,0
427,C3H5N3,6,3.0,0.22818,0,5,0
757,C2H3N3O,6,3.0,0.22837,0,6,5
124,C4H8O,5,1.0,0.22838,0,0,0
34,C3H6O,4,1.0,0.22842,0,0,0
768,C2H3N3O,6,3.0,0.22843,0,6,5
524,C5H10O,6,1.0,0.22847,0,0,0
617,C4H7NO,6,2.0,0.22852,0,0,0
218,C5H10O,6,1.0,0.22854,0,0,0
965,C4H7N3,7,3.0,0.22858,0,7,5
527,C4H8O2,6,1.0,0.22865,0,0,0
848,C6H8O,7,3.0,0.22866,0,5,5
844,C3H4N2O2,7,3.0,0.2287,0,7,5
127,C3H6O2,5,1.0,0.22881,0,0,0
841,C3H4N2O2,7,3.0,0.22897,0,7,5
495,C6H6,6,4.0,0.22908,0,4,0
875,C3H4N2O2,7,3.0,0.22915,0,7,5
858,C4H7N3,7,3.0,0.2293,0,7,5
968,C4H5NO2,7,3.0,0.22944,0,7,5
529,C4H8O2,6,1.0,0.22955,0,0,0
849,C5H8N2,7,3.0,0.22965,0,6,5
90,C3H4O2,5,2.0,0.22976,0,0,0
107,C3H3NO,5,3.0,0.22977,0,0,0
374,C4H8O2,6,1.0,0.22982,0,0,0
851,C5H7NO,7,3.0,0.22986,0,6,5
961,C5H8N2,7,3.0,0.22991,0,6,5
994,C5H4N2,7,5.0,0.23012,0,7,5
753,C2H4N4,6,3.0,0.23019,0,6,5
853,C4H6N2O,7,3.0,0.23028,0,6,5
743,C3H4N2O,6,3.0,0.23038,0,6,5
501,C6H6,6,4.0,0.23046,0,4,0
806,C4H8N2O,7,2.0,0.23049,0,3,0
948,C4H6N2O,7,3.0,0.23065,0,6,5
967,C4H6N2O,7,3.0,0.23071,0,7,5
862,C3H5N3O,7,3.0,0.23073,0,7,5
953,C3H5N3O,7,3.0,0.23073,0,7,5
997,C4H2N2O,7,5.0,0.23074,0,7,5
275,C5H10O,6,1.0,0.23083,0,0,0
204,C3H4N2O,6,3.0,0.23133,0,6,5
57,C2H3N3,5,3.0,0.23145,0,5,0
141,C4H6O,5,2.0,0.23167,0,0,0
971,C5H7NO,7,3.0,0.23178,0,6,5
504,C4H3NO,6,4.0,0.23182,0,4,0
430,C3H4N2O,6,3.0,0.23183,0,5,0
637,C5H6O,6,3.0,0.23191,0,,
752,C3H5N3,6,3.0,0.23197,0,6,5
840,C3H5N3O,7,3.0,0.23227,0,7,5
671,C5H6O,6,3.0,0.23251,0,0,0
756,C3H4N2O,6,3.0,0.23253,0,6,5
872,C3H4N2O2,7,3.0,0.23254,0,7,5
338,C4H5NO,6,3.0,0.23267,0,5,0
811,C4H6N2O,7,3.0,0.23273,0,3,0
860,C4H6N2O,7,3.0,0.23283,0,7,5
847,C6H9N,7,3.0,0.23284,0,5,5
111,C5H4,5,4.0,0.23302,0,4,0
825,C5H7NO,7,3.0,0.23307,0,6,5
970,C5H8N2,7,3.0,0.23317,0,6,5
376,C4H8O2,6,1.0,0.23318,0,0,0
866,C3H4N2O2,7,3.0,0.23328,0,7,5
397,C5H8O,6,2.0,0.23333,0,0,0
10,C2H4O,3,1.0,0.23341,0,0,0
723,C3H4N2O,6,3.0,0.23341,0,5,5
951,C4H6N2O,7,3.0,0.23372,0,7,5
328,C3H3NO2,6,3.0,0.23383,0,0,0
357,C3H6O3,6,1.0,0.23402,0,0,0
616,C5H8O,6,2.0,0.23414,0,0,0
17,C3H6O,4,1.0,0.23419,0,0,0
226,C4H5NO,6,3.0,0.23436,0,5,0
203,C4H5NO,6,3.0,0.2344,0,6,5
254,C5H10O,6,1.0,0.23443,0,0,0
995,C4H3N3,7,5.0,0.23453,0,7,5
762,CH2N4O,6,3.0,0.23459,0,6,5
934,C6H8O,7,3.0,0.23463,0,5,5
253,C4H8O2,6,1.0,0.23491,0,0,0
873,C3H4N2O2,7,3.0,0.23493,0,7,5
69,C4H8O,5,1.0,0.23502,0,0,0
349,C4H8O2,6,1.0,0.23517,0,0,0
824,C5H8N2,7,3.0,0.23534,0,6,5
348,C5H10O,6,1.0,0.23563,0,0,0
191,C3H4N2O,6,3.0,0.23569,0,6,5
819,C6H8O,7,3.0,0.23569,0,5,5
962,C5H7NO,7,3.0,0.2358,0,6,5
192,C4H5NO,6,3.0,0.23588,0,6,5
924,C5H5NO,7,4.0,0.23601,0,7,6
185,C5H6O,6,3.0,0.23603,0,5,5
744,C2H4N4,6,3.0,0.23612,0,6,5
767,C3H4N2O,6,3.0,0.23618,0,6,5
719,C3H4N2O,6,3.0,0.2364,0,5,5
955,C4H6N2O,7,3.0,0.23657,0,7,5
828,C4H6N2O,7,3.0,0.23661,0,6,5
672,C4H5NO,6,3.0,0.23695,0,3,0
230,C4H5NO,6,3.0,0.23732,0,0,0
331,C3H5NO2,6,2.0,0.23735,0,5,0
22,C4H2,4,4.0,0.23752,0,4,0
773,CH2N4O,6,3.0,0.23772,0,6,5
852,C5H7NO,7,3.0,0.23794,0,5,5
868,C4H5NO2,7,3.0,0.23811,0,6,5
339,C4H4O2,6,3.0,0.23814,0,5,0
809,C4H6N2O,7,3.0,0.23839,0,3,0
636,C6H8,6,3.0,0.23842,0,0,0
772,C2H3N3O,6,3.0,0.23849,0,6,5
904,C7H8,7,4.0,0.23861,0,6,6
188,C4H6N2,6,3.0,0.23865,0,6,5
68,C3H6O2,5,1.0,0.23876,0,0,0
936,C5H7NO,7,3.0,0.23877,0,5,5
956,C3H5N3O,7,3.0,0.23968,0,7,5
182,C3H3NO2,6,3.0,0.24014,0,6,5
942,C4H6N2O,7,3.0,0.24032,0,6,5
933,C6H9N,7,3.0,0.24037,0,5,5
846,C3H4N2O2,7,3.0,0.24063,0,7,5
969,C6H9N,7,3.0,0.24073,0,5,5
857,C4H6N2O,7,3.0,0.24079,0,6,5
763,CHN3O2,6,3.0,0.24083,0,6,5
818,C6H9N,7,3.0,0.24086,0,5,5
330,C3H6N2O,6,2.0,0.24173,0,5,0
975,C4H6N2O,7,3.0,0.24184,0,6,5
184,C5H7N,6,3.0,0.24191,0,5,5
831,C5H7NO,7,3.0,0.24202,0,5,5
855,C4H5NO2,7,3.0,0.24216,0,6,5
878,C6H9N,7,3.0,0.24223,0,5,5
963,C6H8O,7,3.0,0.24262,0,5,5
179,C3H5NO2,6,2.0,0.24277,0,3,0
864,C3H4N2O2,7,3.0,0.24278,0,7,5
807,C4H7NO2,7,2.0,0.24283,0,3,0
760,C2H3N3O,6,3.0,0.24289,0,6,5
197,C5H6O,6,3.0,0.24293,0,5,5
241,C2H4N2O2,6,2.0,0.24295,0,6,0
798,C4H7NO2,7,2.0,0.24303,0,3,0
454,C5H8O,6,2.0,0.24312,0,0,0
154,C4H6O,5,2.0,0.24327,0,0,0
167,C2H2N2O,5,3.0,0.24332,0,5,5
661,C5H7N,6,3.0,0.2435,0,0,0
186,C4H5NO,6,3.0,0.24364,0,5,5
206,C5H7N,6,3.0,0.24374,0,5,5
233,C3H6N2O,6,2.0,0.24378,0,5,0
765,CN2O3,6,3.0,0.24396,0,6,5
51,C4H4O,5,3.0,0.24409,0,5,5
805,C5H9NO,7,2.0,0.24409,0,3,0
935,C5H8N2,7,3.0,0.24414,0,5,5
863,C3H5N3O,7,3.0,0.24467,0,7,5
417,C3H5NO2,6,2.0,0.24474,0,3,0
800,C5H7NO,7,3.0,0.24476,0,3,0
447,C5H8O,6,2.0,0.2449,0,0,0
830,C5H8N2,7,3.0,0.24555,0,5,5
973,C4H6N2O,7,3.0,0.24557,0,6,5
662,C5H6O,6,3.0,0.24563,0,0,0
775,C2H2N2O2,6,3.0,0.24565,0,6,5
808,C5H7NO,7,3.0,0.24566,0,3,0
717,C4H5NO,6,3.0,0.24586,0,5,5
771,C2H3N3O,6,3.0,0.24594,0,6,5
187,C4H5NO,6,3.0,0.24596,0,5,5
770,C3H4N2O,6,3.0,0.24634,0,6,5
972,C5H8N2,7,3.0,0.24635,0,5,5
234,C3H5NO2,6,2.0,0.2464,0,5,0
854,C4H6N2O,7,3.0,0.24654,0,6,5
881,C5H8N2,7,3.0,0.24654,0,5,5
829,C4H5NO2,7,3.0,0.24667,0,6,5
431,C3H3NO2,6,3.0,0.24669,0,5,0
722,C4H5NO,6,3.0,0.24676,0,5,5
177,C4H7NO,6,2.0,0.24681,0,3,0
874,C3H3NO3,7,3.0,0.24701,0,7,5
193,C3H4N2O,6,3.0,0.24711,0,6,5
198,C4H5NO,6,3.0,0.24717,0,5,5
799,C4H7NO2,7,2.0,0.24725,0,3,0
502,C5H5N,6,4.0,0.24747,0,4,0
659,C6H8,6,3.0,0.24753,0,0,0
940,C5H8N2,7,3.0,0.2476,0,6,5
974,C5H8N2,7,3.0,0.24771,0,5,5
240,C2H5N3O,6,2.0,0.24773,0,6,0
790,C4H7NO2,7,2.0,0.24793,0,3,0
796,C5H9NO,7,2.0,0.248,0,3,0
751,C2H3N3O,6,3.0,0.2481,0,6,5
810,C4H5NO2,7,3.0,0.24825,0,3,0
208,C6H6,6,4.0,0.24862,0,6,6
788,C5H9NO,7,2.0,0.24866,0,3,0
876,C3H3NO3,7,3.0,0.24879,0,7,5
701,C4H6N2,6,3.0,0.24887,0,0,0
803,C5H9NO,7,2.0,0.24914,0,3,0
172,CHN3O,5,3.0,0.24954,0,5,5
804,C4H7NO2,7,2.0,0.24977,0,3,0
340,C3H3NO2,6,3.0,0.24991,0,5,0
960,C6H9N,7,3.0,0.25013,0,5,5
500,C3H5NO2,6,2.0,0.25021,0,5,0
112,C4H3N,5,4.0,0.25024,0,4,0
195,C5H7N,6,3.0,0.25047,0,5,5
733,C2H3N3O,6,3.0,0.25094,0,5,5
774,C3H3NO2,6,3.0,0.25096,0,6,5
238,C3H5NO2,6,2.0,0.25144,0,5,0
207,C4H6N2,6,3.0,0.25185,0,5,5
49,C4H5N,5,3.0,0.25187,0,5,5
795,C4H9NO2,7,1.0,0.25192,0,3,0
781,C4H9NO2,7,1.0,0.25203,0,3,0
870,C4H4O3,7,3.0,0.25223,0,6,5
52,C3H3NO,5,3.0,0.2524,0,5,5
144,C3H5NO,5,2.0,0.25287,0,3,0
761,C2H2N2O2,6,3.0,0.25291,0,6,5
619,C4H7NO,6,2.0,0.25293,0,3,0
196,C4H6N2,6,3.0,0.25312,0,5,5
779,C4H6N2O,7,3.0,0.25316,0,3,0
750,C2H4N4,6,3.0,0.25319,0,6,5
721,C3H5N3,6,3.0,0.25327,0,5,5
183,C3H2O3,6,3.0,0.25342,0,6,5
826,C4H6N2O,7,3.0,0.25357,0,6,5
794,C5H11NO,7,1.0,0.2536,0,3,0
718,C3H5N3,6,3.0,0.25361,0,5,5
175,C3H7NO2,6,1.0,0.25382,0,3,0
166,C3H3NO,5,3.0,0.25387,0,5,5
599,C4H7NO,6,2.0,0.25418,0,3,0
355,C3H7NO2,6,1.0,0.25422,0,3,0
247,C4H8N2,6,2.0,0.25429,0,0,0
778,C5H7NO,7,3.0,0.25466,0,3,0
783,C4H9NO2,7,1.0,0.2547,0,3,0
194,C3H4N2O,6,3.0,0.25471,0,6,5
735,C3H5N3,6,3.0,0.25484,0,5,5
787,C4H9NO2,7,1.0,0.25505,0,3,0
371,C3H6N2O,6,2.0,0.25514,0,0,0
176,C4H9NO,6,1.0,0.25556,0,3,0
737,C3H5N3,6,3.0,0.25559,0,5,5
173,N4O,5,3.0,0.25562,0,5,5
782,C5H11NO,7,1.0,0.25571,0,3,0
23,C3HN,4,4.0,0.25618,0,4,0
676,C4H5NO,6,3.0,0.25638,0,3,0
730,C4H5NO,6,3.0,0.25678,0,5,5
162,C2H3N3,5,3.0,0.25714,0,5,5
716,C4H6N2,6,3.0,0.25739,0,5,5
786,C5H11NO,7,1.0,0.25744,0,3,0
48,C3H7NO,5,1.0,0.25794,0,3,0
738,C2H4N4,6,3.0,0.25794,0,5,5
446,C6H10,6,2.0,0.25805,0,0,0
594,C5H7N,6,3.0,0.25822,0,0,0
50,C3H4N2,5,3.0,0.25849,0,5,5
766,C3H4N2O,6,3.0,0.25864,0,6,5
729,C2H4N4,6,3.0,0.25887,0,5,5
740,C2H4N4,6,3.0,0.25893,0,5,5
739,C3H5N3,6,3.0,0.25908,0,5,5
720,C4H6N2,6,3.0,0.25962,0,5,5
455,C5H8O,6,2.0,0.25978,0,0,0
660,C4H5NO,6,3.0,0.25989,0,3,0
170,CHN3O,5,3.0,0.25999,0,5,5
421,C3H4O3,6,2.0,0.2605,0,3,0
109,C2H3NO2,5,2.0,0.26067,0,5,0
732,C3H4N2O,6,3.0,0.2609,0,5,5
728,C3H5N3,6,3.0,0.26118,0,5,5
734,C4H6N2,6,3.0,0.26118,0,5,5
452,C6H10,6,2.0,0.2614,0,0,0
545,C4H6N2,6,3.0,0.26212,0,0,0
449,C6H10,6,2.0,0.26225,0,0,0
277,C3H7NO2,6,1.0,0.2624,0,3,0
119,C3H6N2,5,2.0,0.26265,0,0,0
741,CH3N5,6,3.0,0.26267,0,5,5
416,C3H6N2O,6,2.0,0.26268,0,3,0
551,C4H7NO,6,2.0,0.26272,0,3,0
164,C2H3N3,5,3.0,0.26285,0,5,5
169,C2H2N2O,5,3.0,0.26293,0,5,5
465,C5H11N,6,1.0,0.26307,0,0,0
622,C3H5NO2,6,2.0,0.26316,0,3,0
698,C5H7N,6,3.0,0.26331,0,0,0
152,C5H8,5,2.0,0.2635,0,0,0
645,C5H8O,6,2.0,0.26369,0,0,0
366,C4H8N2,6,2.0,0.26371,0,0,0
517,C4H8N2,6,2.0,0.26396,0,0,0
725,C3H4N2O,6,3.0,0.26438,0,5,5
451,C5H8O,6,2.0,0.26468,0,0,0
646,C6H10,6,2.0,0.26512,0,0,0
260,C3H7NO2,6,1.0,0.26543,0,3,0
595,C4H6N2,6,3.0,0.26565,0,0,0
621,C3H6N2O,6,2.0,0.26627,0,3,0
576,C5H7N,6,3.0,0.26659,0,0,0
764,C2HNO3,6,3.0,0.26692,0,6,5
171,C2H2N2O,5,3.0,0.26707,0,5,5
161,C3H4N2,5,3.0,0.26739,0,5,5
466,C4H8O2,6,1.0,0.26739,0,0,0
419,C3H5NO2,6,2.0,0.26744,0,3,0
510,C4H9NO,6,1.0,0.26758,0,3,0
356,C3H6O3,6,1.0,0.26784,0,3,0
647,C4H7NO,6,2.0,0.2679,0,3,0
724,C3H5N3,6,3.0,0.2679,0,5,5
352,C3H7NO2,6,1.0,0.26802,0,3,0
279,C4H9NO,6,1.0,0.26819,0,3,0
726,C4H6N2,6,3.0,0.26843,0,5,5
731,C3H4N2O,6,3.0,0.26887,0,5,5
77,C2H5NO2,5,1.0,0.26911,0,3,0
320,C4H4N2,6,4.0,0.26928,0,0,0
370,C3H7N3,6,2.0,0.26941,0,0,0
514,C4H9NO,6,1.0,0.26943,0,3,0
136,C4H5N,5,3.0,0.26953,0,0,0
453,C4H7NO,6,2.0,0.2698,0,3,0
116,C3H7NO,5,1.0,0.26982,0,3,0
321,C3H3N3,6,4.0,0.26984,0,0,0
727,C3H5N3,6,3.0,0.2699,0,5,5
563,C5H7N,6,3.0,0.27003,0,0,0
542,C5H6O,6,3.0,0.27034,0,0,0
612,C4H9NO,6,1.0,0.27039,0,0,0
165,C2H3N3,5,3.0,0.27074,0,5,5
736,C3H5N3,6,3.0,0.27091,0,5,5
377,C4H9NO,6,1.0,0.27108,0,3,0
769,C2H3N3O,6,3.0,0.27109,0,6,5
153,C3H5NO,5,2.0,0.27114,0,3,0
450,C4H7NO,6,2.0,0.2712,0,3,0
448,C4H7NO,6,2.0,0.27147,0,3,0
168,C2H2N2O,5,3.0,0.27155,0,5,5
76,C2H5NO2,5,1.0,0.27198,0,3,0
67,C3H7NO,5,1.0,0.27305,0,3,0
114,C4H6O,5,2.0,0.27317,0,0,0
628,C4H9NO,6,1.0,0.27318,0,0,0
508,C5H8O,6,2.0,0.27338,0,0,0
322,C5H4O,6,4.0,0.27349,0,0,0
261,C3H7NO2,6,1.0,0.27351,0,3,0
369,C3H6N2O,6,2.0,0.27356,0,0,0
487,C4H5NO,6,3.0,0.27399,0,3,0
358,C4H9NO,6,1.0,0.27404,0,3,0
31,C2H4N2,4,2.0,0.2741,0,0,0
573,C4H7NO,6,2.0,0.27419,0,3,0
688,C4H6N2,6,3.0,0.2744,0,,
702,C4H5NO,6,3.0,0.27449,0,0,0
231,C4H5NO,6,3.0,0.27453,0,3,0
242,C2H4N2O2,6,2.0,0.27477,0,6,0
395,C5H6O,6,3.0,0.27495,0,0,0
372,C4H6O2,6,2.0,0.27497,0,0,0
509,C4H6O2,6,2.0,0.27501,0,0,0
489,C4H4O2,6,3.0,0.27511,0,3,0
439,C4H7NO,6,2.0,0.27516,0,3,0
590,C5H7N,6,3.0,0.27536,0,0,0
278,C3H7NO2,6,1.0,0.27574,0,3,0
567,C4H6N2,6,3.0,0.27604,0,0,0
577,C5H6O,6,3.0,0.27611,0,0,0
294,C5H11N,6,1.0,0.27617,0,0,0
280,C3H8N2O,6,1.0,0.27634,0,4,0
694,C4H8N2,6,2.0,0.27643,0,0,0
574,C4H6O2,6,2.0,0.27647,0,3,0
546,C4H5NO,6,3.0,0.27657,0,0,0
697,C6H8,6,3.0,0.27658,0,0,0
163,C2H3N3,5,3.0,0.2766,0,5,5
442,C3H4O3,6,2.0,0.27665,0,3,0
488,C3H4N2O,6,3.0,0.27665,0,3,0
256,C4H9NO,6,1.0,0.27731,0,3,0
684,C4H7NO,6,2.0,0.27755,0,0,0
609,C5H11N,6,1.0,0.27765,0,0,0
568,C4H7NO,6,2.0,0.27771,0,3,0
484,C3H4N2O,6,3.0,0.27788,0,3,0
483,C4H5NO,6,3.0,0.2779,0,3,0
304,C4H9NO,6,1.0,0.27805,0,0,0
575,C6H8,6,3.0,0.27818,0,0,0
565,C4H6N2,6,3.0,0.27828,0,0,0
490,C3H3NO2,6,3.0,0.27842,0,3,0
18,C2H5NO,4,1.0,0.27871,0,3,0
276,C4H9NO,6,1.0,0.27876,0,3,0
373,C3H5NO2,6,2.0,0.27892,0,0,0
255,C4H9NO,6,1.0,0.27895,0,3,0
552,C4H7NO,6,2.0,0.279,0,3,0
440,C4H6O2,6,2.0,0.27901,0,3,0
350,C4H9NO,6,1.0,0.27903,0,3,0
677,C4H4O2,6,3.0,0.27929,0,3,0
70,C3H7NO,5,1.0,0.27932,0,3,0
232,C3H4N2O,6,3.0,0.27939,0,3,0
592,C5H6O,6,3.0,0.27945,0,0,0
24,C2N2,4,4.0,0.27955,0,4,0
710,C5H5N,6,4.0,0.27958,0,0,0
620,C4H7NO,6,2.0,0.27961,0,3,0
415,C4H7NO,6,2.0,0.27982,0,3,0
139,C3H4N2,5,3.0,0.28003,0,0,0
530,C3H7NO2,6,1.0,0.28008,0,3,0
71,C3H7NO,5,1.0,0.28039,0,3,0
596,C5H6O,6,3.0,0.28041,0,0,0
670,C4H5NO,6,3.0,0.28041,0,3,0
410,C4H7NO,6,2.0,0.28052,0,3,0
262,C3H7NO2,6,1.0,0.2806,0,3,0
32,C3H4O,4,2.0,0.2807,0,0,0
98,C4H9N,5,1.0,0.28088,0,0,0
513,C5H8O,6,2.0,0.28128,0,0,0
412,C4H6O2,6,2.0,0.28142,0,3,0
125,C3H7NO,5,1.0,0.28168,0,3,0
611,C5H11N,6,1.0,0.28173,0,0,0
525,C4H9NO,6,1.0,0.28188,0,3,0
420,C3H5NO2,6,2.0,0.28192,0,3,0
532,C3H6O3,6,1.0,0.28205,0,3,0
249,C4H9NO,6,1.0,0.28212,0,3,0
323,C4H3NO,6,4.0,0.28213,0,0,0
531,C3H7NO2,6,1.0,0.28219,0,3,0
623,C3H6N2O,6,2.0,0.28226,0,4,0
137,C4H4O,5,3.0,0.28259,0,0,0
689,C4H5NO,6,3.0,0.28299,0,,
547,C4H5NO,6,3.0,0.28319,0,0,0
308,C5H9N,6,2.0,0.28323,0,0,0
353,C3H8N2O,6,1.0,0.28337,0,4,0
543,C5H6O,6,3.0,0.28407,0,0,0
35,C2H5NO,4,1.0,0.28419,0,3,0
120,C4H6O,5,2.0,0.28436,0,0,0
588,C6H8,6,3.0,0.28445,0,0,0
11,CH3NO,3,1.0,0.28448,0,3,0
250,C4H8O2,6,1.0,0.28455,0,3,0
518,C5H8O,6,2.0,0.28462,0,0,0
526,C4H8O2,6,1.0,0.28468,0,3,0
390,C5H7N,6,3.0,0.28476,0,0,0
126,C3H6O2,5,1.0,0.28502,0,3,0
258,C4H8O2,6,1.0,0.28537,0,3,0
473,C4H6O2,6,2.0,0.28541,0,0,0
100,C3H6O2,5,1.0,0.2855,0,0,0
297,C4H7NO,6,2.0,0.28553,0,3,0
425,C4H8O2,6,1.0,0.28582,0,0,0
435,C4H7NO,6,2.0,0.28589,0,3,0
614,C4H8O2,6,1.0,0.28619,0,0,0
298,C4H6O2,6,2.0,0.28623,0,3,0
74,C3H6O2,5,1.0,0.28632,0,3,0
644,C4H6O2,6,2.0,0.2864,0,,
288,C4H8O2,6,1.0,0.28642,0,0,0
693,C5H9N,6,2.0,0.28656,0,0,0
392,C5H6O,6,3.0,0.28662,0,0,0
257,C3H8N2O,6,1.0,0.28666,0,4,0
150,C3H7NO,5,1.0,0.28668,0,0,0
591,C4H6N2,6,3.0,0.28688,0,0,0
135,C5H6,5,3.0,0.28709,0,0,0
408,C4H8O2,6,1.0,0.28713,0,0,0
95,C3H6O2,5,1.0,0.28722,0,0,0
668,C4H7NO,6,2.0,0.2873,0,0,0
411,C4H7NO,6,2.0,0.28755,0,3,0
36,C2H4O2,4,1.0,0.28757,0,3,0
351,C4H8O2,6,1.0,0.2876,0,3,0
228,C5H8O,6,2.0,0.28797,0,0,0
72,C2H6N2O,5,1.0,0.28798,0,4,0
88,C3H4O2,5,2.0,0.28802,0,3,0
700,C5H7N,6,3.0,0.28816,0,0,0
507,C6H10,6,2.0,0.28821,0,0,0
496,C6H6,6,4.0,0.28836,0,0,0
363,C4H8N2,6,2.0,0.28848,0,0,0
62,C3H6N2,5,2.0,0.28849,0,0,0
682,C4H7NO,6,2.0,0.2885,0,0,0
87,C3H5NO,5,2.0,0.28874,0,3,0
462,C4H8O2,6,1.0,0.28948,0,0,0
633,C4H7NO,6,2.0,0.28948,0,0,0
367,C5H8O,6,2.0,0.28951,0,0,0
295,C4H7NO,6,2.0,0.29002,0,3,0
85,C3H5NO,5,2.0,0.2903,0,3,0
436,C3H5NO2,6,2.0,0.29035,0,3,0
560,C4H8O2,6,1.0,0.29038,0,0,0
519,C4H7NO,6,2.0,0.29083,0,0,0
497,C5H5N,6,4.0,0.29085,0,0,0
426,C4H8O2,6,1.0,0.29088,0,0,0
664,C5H8O,6,2.0,0.29101,0,0,0
286,C5H10O,6,1.0,0.29113,0,0,0
121,C3H5NO,5,2.0,0.29117,0,0,0
387,C3H8O3,6,0.0,0.29123,0,0,0
470,C5H8O,6,2.0,0.29141,0,0,0
626,C5H11N,6,1.0,0.2917,0,0,0
580,C5H11N,6,1.0,0.29181,0,0,0
703,C4H4O2,6,3.0,0.29184,0,0,0
458,C5H10O,6,1.0,0.29207,0,0,0
605,C4H9NO,6,1.0,0.29241,0,0,0
658,C4H6O2,6,2.0,0.29289,0,0,0
19,CH4N2O,4,1.0,0.29306,0,4,0
690,C4H4O2,6,3.0,0.29316,0,,
310,C4H7NO,6,2.0,0.29324,0,,
593,C4H5NO,6,3.0,0.29356,0,0,0
364,C5H8O,6,2.0,0.29389,0,0,0
699,C5H6O,6,3.0,0.29398,0,0,0
73,C3H7NO,5,1.0,0.29413,0,3,0
391,C4H6N2,6,3.0,0.29413,0,0,0
464,C5H10O,6,1.0,0.29414,0,0,0
215,C4H8N2,6,2.0,0.29433,0,0,0
631,C5H8O,6,2.0,0.29435,0,0,0
424,C5H10O,6,1.0,0.29462,0,0,0
402,C4H9NO,6,1.0,0.29464,0,0,0
555,C5H10O,6,1.0,0.29464,0,0,0
285,C5H10O,6,1.0,0.29471,0,0,0
583,C4H9NO,6,1.0,0.29481,0,0,0
457,C5H10O,6,1.0,0.29486,0,0,0
396,C4H5NO,6,3.0,0.2949,0,0,0
394,C4H6N2,6,3.0,0.29495,0,0,0
227,C6H10,6,2.0,0.29499,0,0,0
317,C6H6,6,4.0,0.29528,0,0,0
147,C4H9N,5,1.0,0.29529,0,0,0
388,C6H8,6,3.0,0.29544,0,0,0
115,C5H8,5,2.0,0.29562,0,0,0
63,C4H6O,5,2.0,0.29569,0,0,0
103,C5H4,5,4.0,0.29603,0,0,0
443,C3H6N2O,6,2.0,0.29616,0,4,0
45,C3H6O,4,1.0,0.29637,0,0,0
469,C5H8O,6,2.0,0.29664,0,0,0
385,C4H10O2,6,0.0,0.29671,0,0,0
512,C6H10,6,2.0,0.2972,0,0,0
44,C3H7N,4,1.0,0.2973,0,0,0
33,C2H3NO,4,2.0,0.2975,0,0,0
93,C4H8O,5,1.0,0.29754,0,0,0
216,C5H8O,6,2.0,0.29762,0,0,0
632,C5H8O,6,2.0,0.29763,0,0,0
324,C3H2N2O,6,4.0,0.29783,0,0,0
695,C4H7NO,6,2.0,0.29805,0,0,0
140,C3H3NO,5,3.0,0.29825,0,0,0
707,C5H7N,6,3.0,0.29836,0,0,0
687,C5H6O,6,3.0,0.29856,0,,
656,C5H8O,6,2.0,0.29867,0,0,0
305,C4H8O2,6,1.0,0.29882,0,0,0
557,C4H8O2,6,1.0,0.29884,0,0,0
467,C3H6O3,6,1.0,0.299,0,0,0
597,C4H5NO,6,3.0,0.29911,0,0,0
642,C5H8O,6,2.0,0.29927,0,,
666,C4H6O2,6,2.0,0.29948,0,0,0
224,C5H12O,6,0.0,0.29973,0,0,0
318,C5H5N,6,4.0,0.30041,0,0,0
815,C2H4F3N,6,0.0,0.30041,0,0,0
477,C6H6,6,4.0,0.30048,0,0,0
307,C5H8O,6,2.0,0.30055,0,,
680,C5H8O,6,2.0,0.30061,0,0,0
653,C5H8O,6,2.0,0.30088,0,0,0
78,C3H8O2,5,0.0,0.301,0,0,0
41,C2H6O2,4,0.0,0.30148,0,0,0
511,C5H8O,6,2.0,0.30194,0,0,0
639,C5H8O,6,2.0,0.3021,0,0,0
393,C4H5NO,6,3.0,0.30212,0,0,0
368,C4H7NO,6,2.0,0.30239,0,0,0
657,C5H8O,6,2.0,0.30239,0,0,0
290,C4H8O2,6,1.0,0.30255,0,0,0
292,C5H10O,6,1.0,0.30255,0,0,0
104,C4H3N,5,4.0,0.30287,0,0,0
541,C6H8,6,3.0,0.30315,0,0,0
709,C6H6,6,4.0,0.30315,0,0,0
156,C4H8O,5,1.0,0.30317,0,0,0
437,C3H5NO2,6,2.0,0.30324,0,4,0
478,C5H5N,6,4.0,0.30354,0,0,0
302,C5H10O,6,1.0,0.3036,0,0,0
406,C5H10O,6,1.0,0.30372,0,0,0
649,C5H10O,6,1.0,0.30385,0,0,0
283,C4H10O2,6,0.0,0.30399,0,0,0
554,C5H10O,6,1.0,0.30408,0,0,0
92,C4H8O,5,1.0,0.30409,0,0,0
708,C5H6O,6,3.0,0.30429,0,0,0
47,C3H6O,4,1.0,0.30436,0,0,0
521,C4H7NO,6,2.0,0.30462,0,0,0
54,C4H10O,5,0.0,0.3047,0,0,0
562,C5H6O,6,3.0,0.30475,0,0,0
287,C5H10O,6,1.0,0.30487,0,0,0
84,C4H8O,5,1.0,0.305,0,0,0
423,C5H10O,6,1.0,0.30503,0,0,0
223,C5H12O,6,0.0,0.30514,0,0,0
587,C4H9NO,6,1.0,0.3053,0,0,0
654,C4H6O2,6,2.0,0.30543,0,0,0
650,C4H8O2,6,1.0,0.30561,0,0,0
538,C4H10O2,6,0.0,0.30566,0,0,0
559,C4H8O2,6,1.0,0.30575,0,0,0
556,C5H10O,6,1.0,0.30601,0,0,0
1,H3N,1,0.0,0.30606,0,0,0
681,C5H8O,6,2.0,0.30611,0,0,0
268,C5H12O,6,0.0,0.30632,0,0,0
81,C4H10O,5,0.0,0.3067,0,0,0
520,C5H8O,6,2.0,0.30683,0,0,0
522,C5H8O,6,2.0,0.30687,0,0,0
615,C4H8O2,6,1.0,0.30697,0,0,0
282,C5H12O,6,0.0,0.30735,0,0,0
613,C5H10O,6,1.0,0.30751,0,0,0
159,C4H6O,5,2.0,0.30786,0,0,0
686,C5H7N,6,3.0,0.30786,0,,
243,C6H10,6,2.0,0.30792,0,0,0
60,C5H8,5,2.0,0.30802,0,0,0
383,C5H12O,6,0.0,0.30802,0,0,0
704,C5H7N,6,3.0,0.30806,0,0,0
444,C3H5NO2,6,2.0,0.3081,0,4,0
407,C5H10O,6,1.0,0.30814,0,0,0
361,C6H10,6,2.0,0.30815,0,0,0
28,C4H6,4,2.0,0.3083,0,0,0
303,C5H10O,6,1.0,0.30848,0,0,0
640,C5H8O,6,2.0,0.30849,0,,
29,C4H6,4,2.0,0.30853,0,0,0
523,C4H7NO,6,2.0,0.30859,0,0,0
386,C4H10O2,6,0.0,0.30898,0,0,0
265,C4H10O2,6,0.0,0.30905,0,0,0
461,C5H10O,6,1.0,0.30921,0,0,0
561,C6H8,6,3.0,0.30945,0,0,0
643,C5H8O,6,2.0,0.30967,0,,
459,C4H8O2,6,1.0,0.30972,0,0,0
706,C5H7N,6,3.0,0.3099,0,0,0
515,C6H10,6,2.0,0.30999,0,0,0
365,C4H7NO,6,2.0,0.31004,0,0,0
581,C5H10O,6,1.0,0.3101,0,0,0
269,C5H12O,6,0.0,0.31023,0,0,0
468,C6H10,6,2.0,0.31033,0,0,0
289,C5H10O,6,1.0,0.3105,0,0,0
117,C5H8,5,2.0,0.31057,0,0,0
535,C5H12O,6,0.0,0.31061,0,0,0
21,C3H8O,4,0.0,0.31064,0,0,0
536,C5H12O,6,0.0,0.31064,0,0,0
566,C4H5NO,6,3.0,0.31108,0,0,0
359,C5H8O,6,2.0,0.31129,0,0,0
246,C4H7NO,6,2.0,0.31137,0,0,0
380,C4H10O2,6,0.0,0.31153,0,0,0
80,C4H10O,5,0.0,0.31166,0,0,0
665,C5H8O,6,2.0,0.31171,0,0,0
131,C4H10O,5,0.0,0.31172,0,0,0
64,C3H5NO,5,2.0,0.31188,0,0,0
270,C4H10O2,6,0.0,0.31198,0,0,0
608,C5H10O,6,1.0,0.31207,0,0,0
221,C4H10O2,6,0.0,0.31208,0,0,0
132,C4H10O,5,0.0,0.31221,0,0,0
217,C4H7NO,6,2.0,0.31229,0,0,0
97,C4H8O,5,1.0,0.31231,0,0,0
267,C5H12O,6,0.0,0.31273,0,0,0
471,C5H8O,6,2.0,0.31276,0,0,0
148,C4H8O,5,1.0,0.31277,0,0,0
384,C5H12O,6,0.0,0.31281,0,0,0
472,C5H8O,6,2.0,0.31282,0,0,0
220,C5H12O,6,0.0,0.3129,0,0,0
94,C4H8O,5,1.0,0.31309,0,0,0
245,C5H8O,6,2.0,0.31325,0,0,0
589,C5H7N,6,3.0,0.31325,0,0,0
463,C6H12,6,1.0,0.31366,0,0,0
134,C3H8O2,5,0.0,0.31367,0,0,0
40,C3H8O,4,0.0,0.31369,0,0,0
604,C5H10O,6,1.0,0.31369,0,0,0
582,C5H10O,6,1.0,0.31387,0,0,0
655,C6H10,6,2.0,0.31405,0,0,0
354,C3H7NO2,6,1.0,0.31409,0,4,0
635,C4H6O2,6,2.0,0.31412,0,0,0
401,C5H10O,6,1.0,0.3143,0,0,0
14,C2H6O,3,0.0,0.3145,0,0,0
102,C4H6O,5,2.0,0.31467,0,,
627,C5H10O,6,1.0,0.31497,0,0,0
293,C5H10O,6,1.0,0.31503,0,0,0
691,C6H10,6,2.0,0.31545,0,0,0
122,C4H6O,5,2.0,0.31551,0,0,0
537,C4H10O2,6,0.0,0.31551,0,0,0
157,C3H6O2,5,1.0,0.31599,0,0,0
540,C4H10O2,6,0.0,0.31648,0,0,0
13,C2H6O,3,0.0,0.31654,0,0,0
149,C4H8O,5,1.0,0.3166,0,0,0
291,C6H12,6,1.0,0.31678,0,0,0
460,C4H8O2,6,1.0,0.31684,0,0,0
539,C4H10O2,6,0.0,0.31689,0,0,0
382,C5H12O,6,0.0,0.31691,0,0,0
558,C5H10O,6,1.0,0.31699,0,0,0
264,C5H12O,6,0.0,0.3172,0,0,0
678,C6H10,6,2.0,0.31742,0,0,0
405,C5H10O,6,1.0,0.31764,0,0,0
133,C3H8O2,5,0.0,0.31782,0,0,0
213,C6H10,6,2.0,0.31825,0,0,0
138,C4H5N,5,3.0,0.3183,0,0,0
812,C3HF3,6,2.0,0.3184,0,0,0
679,C5H8O,6,2.0,0.3187,0,0,0
534,C5H12O,6,0.0,0.31883,0,0,0
130,C4H10O,5,0.0,0.31888,0,0,0
585,C5H10O,6,1.0,0.31916,0,0,0
39,C3H8O,4,0.0,0.31929,0,0,0
360,C4H7NO,6,2.0,0.31938,0,0,0
7,CH4O,2,0.0,0.31954,0,0,0
584,C4H8O2,6,1.0,0.3196,0,0,0
83,C4H8O,5,1.0,0.31982,0,0,0
8,C3H4,3,2.0,0.32003,0,0,0
123,C3H5NO,5,2.0,0.32037,0,0,0
259,C3H7NO2,6,1.0,0.32052,0,4,0
309,C5H8O,6,2.0,0.32055,0,,
634,C5H8O,6,2.0,0.32064,0,0,0
667,C5H8O,6,2.0,0.3212,0,0,0
683,C4H6O2,6,2.0,0.32137,0,0,0
75,C2H5NO2,5,1.0,0.32152,0,4,0
625,C5H10O,6,1.0,0.32166,0,0,0
586,C4H8O2,6,1.0,0.32227,0,0,0
705,C6H8,6,3.0,0.32266,0,0,0
403,C4H8O2,6,1.0,0.32271,0,0,0
610,C5H10O,6,1.0,0.32277,0,0,0
389,C5H7N,6,3.0,0.32301,0,0,0
99,C4H8O,5,1.0,0.32305,0,0,0
651,C4H8O2,6,1.0,0.32309,0,0,0
404,C6H12,6,1.0,0.32326,0,0,0
158,C5H8,5,2.0,0.32425,0,0,0
669,C4H6O2,6,2.0,0.32469,0,0,0
663,C6H10,6,2.0,0.32482,0,0,0
652,C6H10,6,2.0,0.32513,0,0,0
82,C5H10,5,1.0,0.32604,0,0,0
606,C4H8O2,6,1.0,0.32664,0,0,0
692,C5H8O,6,2.0,0.32669,0,0,0
579,C5H10O,6,1.0,0.3267,0,0,0
160,C4H6O,5,2.0,0.32842,0,0,0
607,C6H12,6,1.0,0.32843,0,0,0
96,C5H10,5,1.0,0.32844,0,0,0
816,C2H3F3O,6,0.0,0.32967,0,0,0
629,C4H8O2,6,1.0,0.32983,0,0,0
151,C3H6O2,5,1.0,0.33001,0,0,0
146,C4H8O,5,1.0,0.33014,0,0,0
445,C3H4O3,6,2.0,0.33133,0,4,0
696,C4H6O2,6,2.0,0.33167,0,0,0
319,C4H4N2,6,4.0,0.33228,0,0,0
3,C2H2,2,2.0,0.33239,0,0,0
630,C6H10,6,2.0,0.33363,0,0,0
43,C3H6O,4,1.0,0.33407,0,0,0
564,C5H7N,6,3.0,0.33486,0,0,0
105,C3H2N2,5,4.0,0.33622,0,0,0
2,H2O,1,0.0,0.33718,0,0,0
544,C5H7N,6,3.0,0.33721,0,0,0
578,C6H12,6,1.0,0.33796,0,0,0
624,C6H12,6,1.0,0.33959,0,0,0
422,C6H12,6,1.0,0.34043,0,0,0
16,C2H4O,3,1.0,0.34119,0,0,0
284,C6H12,6,1.0,0.34137,0,0,0
479,C4H4N2,6,4.0,0.34154,0,0,0
145,C5H10,5,1.0,0.34209,0,0,0
42,C4H8,4,1.0,0.34509,0,0,0
301,C6H12,6,1.0,0.34642,0,0,0
244,C5H9N,6,2.0,0.34671,0,0,0
362,C5H9N,6,2.0,0.3471,0,0,0
61,C4H7N,5,2.0,0.34803,0,0,0
553,C6H12,6,1.0,0.34918,0,0,0
30,C3H5N,4,2.0,0.34967,0,0,0
516,C5H9N,6,2.0,0.34988,0,0,0
648,C6H12,6,1.0,0.35094,0,0,0
118,C4H7N,5,2.0,0.35102,0,0,0
91,C5H10,5,1.0,0.35478,0,0,0
222,C6H14,6,0.0,0.35532,0,0,0
214,C5H9N,6,2.0,0.35802,0,0,0
281,C6H14,6,0.0,0.35938,0,0,0
638,C6H10,6,2.0,0.35975,0,0,0
456,C6H12,6,1.0,0.36069,0,0,0
813,C2F3N,6,2.0,0.36109,0,0,0
641,C6H10,6,2.0,0.36232,0,,
155,C5H10,5,1.0,0.36268,0,0,0
381,C6H14,6,0.0,0.36273,0,0,0
306,C6H10,6,2.0,0.36315,0,,
266,C6H14,6,0.0,0.36461,0,0,0
46,C4H8,4,1.0,0.36519,0,0,0
53,C5H12,5,0.0,0.36522,0,0,0
9,C2H3N,3,2.0,0.36539,0,0,0
15,C3H6,3,1.0,0.36566,0,0,0
79,C5H12,5,0.0,0.36685,0,0,0
533,C6H14,6,0.0,0.3683,0,0,0
20,C4H10,4,0.0,0.37238,0,0,0
101,C5H8,5,2.0,0.37467,0,,
129,C5H12,5,0.0,0.37483,0,0,0
685,C6H8,6,3.0,0.37804,0,,
38,C4H10,4,0.0,0.37957,0,0,0
4,CHN,2,2.0,0.3812,0,0,0
12,C3H8,3,0.0,0.38483,0,0,0
6,C2H6,2,0.0,0.40584,0,0,0
817,C3H5F3,6,0.0,0.41853,0,0,0
0,CH4,1,0.0,0.46289,0,0,0
180,CF4,5,0.0,0.6143,0,0,0
